[0.191s] DEBUG:colcon:Command line arguments: ['/usr/bin/colcon', 'build']
[0.191s] DEBUG:colcon:Parsed command line arguments: Namespace(log_base=None, log_level=None, verb_name='build', build_base='build', install_base='install', merge_install=False, symlink_install=False, test_result_base=None, continue_on_error=False, executor='parallel', parallel_workers=8, event_handlers=None, ignore_user_meta=False, metas=['./colcon.meta'], base_paths=['.'], packages_ignore=None, packages_ignore_regex=None, paths=None, packages_up_to=None, packages_up_to_regex=None, packages_above=None, packages_above_and_dependencies=None, packages_above_depth=None, packages_select_by_dep=None, packages_skip_by_dep=None, packages_skip_up_to=None, packages_select_build_failed=False, packages_skip_build_finished=False, packages_select_test_failures=False, packages_skip_test_passed=False, packages_select=None, packages_skip=None, packages_select_regex=None, packages_skip_regex=None, packages_start=None, packages_end=None, allow_overriding=[], cmake_args=None, cmake_target=None, cmake_target_skip_unavailable=False, cmake_clean_cache=False, cmake_clean_first=False, cmake_force_configure=False, ament_cmake_args=None, catkin_cmake_args=None, catkin_skip_building_tests=False, mixin_files=None, mixin=None, verb_parser=<colcon_mixin.mixin.mixin_argument.MixinArgumentDecorator object at 0x78902bb67200>, verb_extension=<colcon_core.verb.build.BuildVerb object at 0x78902bce9970>, main=<bound method BuildVerb.main of <colcon_core.verb.build.BuildVerb object at 0x78902bce9970>>, mixin_verb=('build',))
[0.191s] DEBUG:colcon:Command line arguments: ['/usr/bin/colcon', 'build']
[0.191s] DEBUG:colcon:Command line arguments: ['/usr/bin/colcon', 'build']
[0.191s] DEBUG:colcon:Parsed command line arguments: Namespace(log_base=None, log_level=None, verb_name='build', build_base='build', install_base='install', merge_install=False, symlink_install=False, test_result_base=None, continue_on_error=False, executor='parallel', parallel_workers=8, event_handlers=None, ignore_user_meta=False, metas=['./colcon.meta'], base_paths=['.'], packages_ignore=None, packages_ignore_regex=None, paths=None, packages_up_to=None, packages_up_to_regex=None, packages_above=None, packages_above_and_dependencies=None, packages_above_depth=None, packages_select_by_dep=None, packages_skip_by_dep=None, packages_skip_up_to=None, packages_select_build_failed=False, packages_skip_build_finished=False, packages_select_test_failures=False, packages_skip_test_passed=False, packages_select=None, packages_skip=None, packages_select_regex=None, packages_skip_regex=None, packages_start=None, packages_end=None, allow_overriding=[], cmake_args=None, cmake_target=None, cmake_target_skip_unavailable=False, cmake_clean_cache=False, cmake_clean_first=False, cmake_force_configure=False, ament_cmake_args=None, catkin_cmake_args=None, catkin_skip_building_tests=False, mixin_files=None, mixin=None, verb_parser=<colcon_mixin.mixin.mixin_argument.MixinArgumentDecorator object at 0x75e1d8bb9520>, verb_extension=<colcon_core.verb.build.BuildVerb object at 0x75e1d8ce9940>, main=<bound method BuildVerb.main of <colcon_core.verb.build.BuildVerb object at 0x75e1d8ce9940>>, mixin_verb=('build',))
[0.191s] DEBUG:colcon:Parsed command line arguments: Namespace(log_base=None, log_level=None, verb_name='build', build_base='build', install_base='install', merge_install=False, symlink_install=False, test_result_base=None, continue_on_error=False, executor='parallel', parallel_workers=8, event_handlers=None, ignore_user_meta=False, metas=['./colcon.meta'], base_paths=['.'], packages_ignore=None, packages_ignore_regex=None, paths=None, packages_up_to=None, packages_up_to_regex=None, packages_above=None, packages_above_and_dependencies=None, packages_above_depth=None, packages_select_by_dep=None, packages_skip_by_dep=None, packages_skip_up_to=None, packages_select_build_failed=False, packages_skip_build_finished=False, packages_select_test_failures=False, packages_skip_test_passed=False, packages_select=None, packages_skip=None, packages_select_regex=None, packages_skip_regex=None, packages_start=None, packages_end=None, allow_overriding=[], cmake_args=None, cmake_target=None, cmake_target_skip_unavailable=False, cmake_clean_cache=False, cmake_clean_first=False, cmake_force_configure=False, ament_cmake_args=None, catkin_cmake_args=None, catkin_skip_building_tests=False, mixin_files=None, mixin=None, verb_parser=<colcon_mixin.mixin.mixin_argument.MixinArgumentDecorator object at 0x72a408ac9160>, verb_extension=<colcon_core.verb.build.BuildVerb object at 0x72a408bf1a00>, main=<bound method BuildVerb.main of <colcon_core.verb.build.BuildVerb object at 0x72a408bf1a00>>, mixin_verb=('build',))
[0.269s] Level 1:colcon.colcon_core.package_discovery:discover_packages(colcon_meta) check parameters
[0.269s] Level 1:colcon.colcon_core.package_discovery:discover_packages(colcon_meta) check parameters
[0.269s] Level 1:colcon.colcon_core.package_discovery:discover_packages(colcon_meta) check parameters
[0.269s] Level 1:colcon.colcon_core.package_discovery:discover_packages(recursive) check parameters
[0.269s] Level 1:colcon.colcon_core.package_discovery:discover_packages(recursive) check parameters
[0.270s] Level 1:colcon.colcon_core.package_discovery:discover_packages(ignore) check parameters
[0.270s] Level 1:colcon.colcon_core.package_discovery:discover_packages(recursive) check parameters
[0.270s] Level 1:colcon.colcon_core.package_discovery:discover_packages(path) check parameters
[0.269s] Level 1:colcon.colcon_core.package_discovery:discover_packages(ignore) check parameters
[0.269s] Level 1:colcon.colcon_core.package_discovery:discover_packages(path) check parameters
[0.270s] Level 1:colcon.colcon_core.package_discovery:discover_packages(ignore) check parameters
[0.270s] Level 1:colcon.colcon_core.package_discovery:discover_packages(colcon_meta) discover
[0.270s] Level 1:colcon.colcon_core.package_discovery:discover_packages(path) check parameters
[0.270s] Level 1:colcon.colcon_core.package_discovery:discover_packages(recursive) discover
[0.269s] Level 1:colcon.colcon_core.package_discovery:discover_packages(colcon_meta) discover
[0.270s] Level 1:colcon.colcon_core.package_discovery:discover_packages(recursive) discover
[0.270s] INFO:colcon.colcon_core.package_discovery:Crawling recursively for packages in '/home/muneeb/RoboFlexv2.0/brainswarm_ws'
[0.270s] INFO:colcon.colcon_core.package_discovery:Crawling recursively for packages in '/home/muneeb/RoboFlexv2.0/brainswarm_ws'
[0.270s] Level 1:colcon.colcon_core.package_discovery:discover_packages(colcon_meta) discover
[0.270s] Level 1:colcon.colcon_core.package_discovery:discover_packages(recursive) discover
[0.270s] Level 1:colcon.colcon_core.package_identification:_identify(.) by extensions ['ignore', 'ignore_ament_install']
[0.270s] Level 1:colcon.colcon_core.package_identification:_identify(.) by extensions ['ignore', 'ignore_ament_install']
[0.270s] INFO:colcon.colcon_core.package_discovery:Crawling recursively for packages in '/home/muneeb/RoboFlexv2.0/brainswarm_ws'
[0.270s] Level 1:colcon.colcon_core.package_identification:_identify(.) by extension 'ignore'
[0.270s] Level 1:colcon.colcon_core.package_identification:_identify(.) by extension 'ignore'
[0.270s] Level 1:colcon.colcon_core.package_identification:_identify(.) by extension 'ignore_ament_install'
[0.270s] Level 1:colcon.colcon_core.package_identification:_identify(.) by extensions ['ignore', 'ignore_ament_install']
[0.270s] Level 1:colcon.colcon_core.package_identification:_identify(.) by extension 'ignore_ament_install'
[0.270s] Level 1:colcon.colcon_core.package_identification:_identify(.) by extensions ['colcon_pkg']
[0.270s] Level 1:colcon.colcon_core.package_identification:_identify(.) by extensions ['colcon_pkg']
[0.270s] Level 1:colcon.colcon_core.package_identification:_identify(.) by extension 'colcon_pkg'
[0.270s] Level 1:colcon.colcon_core.package_identification:_identify(.) by extension 'colcon_pkg'
[0.270s] Level 1:colcon.colcon_core.package_identification:_identify(.) by extension 'ignore'
[0.270s] Level 1:colcon.colcon_core.package_identification:_identify(.) by extensions ['colcon_meta']
[0.270s] Level 1:colcon.colcon_core.package_identification:_identify(.) by extensions ['colcon_meta']
[0.270s] Level 1:colcon.colcon_core.package_identification:_identify(.) by extension 'colcon_meta'
[0.270s] Level 1:colcon.colcon_core.package_identification:_identify(.) by extension 'ignore_ament_install'
[0.270s] Level 1:colcon.colcon_core.package_identification:_identify(.) by extension 'colcon_meta'
[0.270s] Level 1:colcon.colcon_core.package_identification:_identify(.) by extensions ['ros']
[0.270s] Level 1:colcon.colcon_core.package_identification:_identify(.) by extensions ['ros']
[0.270s] Level 1:colcon.colcon_core.package_identification:_identify(.) by extension 'ros'
[0.270s] Level 1:colcon.colcon_core.package_identification:_identify(.) by extension 'ros'
[0.270s] Level 1:colcon.colcon_core.package_identification:_identify(.) by extensions ['colcon_pkg']
[0.270s] Level 1:colcon.colcon_core.package_identification:_identify(.) by extension 'colcon_pkg'
[0.270s] Level 1:colcon.colcon_core.package_identification:_identify(.) by extensions ['colcon_meta']
[0.270s] Level 1:colcon.colcon_core.package_identification:_identify(.) by extension 'colcon_meta'
[0.271s] Level 1:colcon.colcon_core.package_identification:_identify(.) by extensions ['ros']
[0.271s] Level 1:colcon.colcon_core.package_identification:_identify(.) by extension 'ros'
[0.310s] Level 1:colcon.colcon_core.package_identification:_identify(.) by extensions ['cmake', 'python']
[0.310s] Level 1:colcon.colcon_core.package_identification:_identify(.) by extensions ['cmake', 'python']
[0.310s] Level 1:colcon.colcon_core.package_identification:_identify(.) by extensions ['cmake', 'python']
[0.310s] Level 1:colcon.colcon_core.package_identification:_identify(.) by extension 'cmake'
[0.310s] Level 1:colcon.colcon_core.package_identification:_identify(.) by extension 'cmake'
[0.310s] Level 1:colcon.colcon_core.package_identification:_identify(.) by extension 'cmake'
[0.310s] Level 1:colcon.colcon_core.package_identification:_identify(.) by extension 'python'
[0.310s] Level 1:colcon.colcon_core.package_identification:_identify(.) by extension 'python'
[0.310s] Level 1:colcon.colcon_core.package_identification:_identify(.) by extension 'python'
[0.311s] Level 1:colcon.colcon_core.package_identification:_identify(.) by extensions ['python_setup_py']
[0.310s] Level 1:colcon.colcon_core.package_identification:_identify(.) by extensions ['python_setup_py']
[0.311s] Level 1:colcon.colcon_core.package_identification:_identify(.) by extensions ['python_setup_py']
[0.311s] Level 1:colcon.colcon_core.package_identification:_identify(.) by extension 'python_setup_py'
[0.310s] Level 1:colcon.colcon_core.package_identification:_identify(.) by extension 'python_setup_py'
[0.311s] Level 1:colcon.colcon_core.package_identification:_identify(.) by extension 'python_setup_py'
[0.311s] Level 1:colcon.colcon_core.package_identification:_identify(build) by extensions ['ignore', 'ignore_ament_install']
[0.311s] Level 1:colcon.colcon_core.package_identification:_identify(build) by extensions ['ignore', 'ignore_ament_install']
[0.311s] Level 1:colcon.colcon_core.package_identification:_identify(build) by extensions ['ignore', 'ignore_ament_install']
[0.311s] Level 1:colcon.colcon_core.package_identification:_identify(build) by extension 'ignore'
[0.311s] Level 1:colcon.colcon_core.package_identification:_identify(build) by extension 'ignore'
[0.311s] Level 1:colcon.colcon_core.package_identification:_identify(build) by extension 'ignore'
[0.311s] Level 1:colcon.colcon_core.package_identification:_identify(build) ignored
[0.311s] Level 1:colcon.colcon_core.package_identification:_identify(build) ignored
[0.311s] Level 1:colcon.colcon_core.package_identification:_identify(install) by extensions ['ignore', 'ignore_ament_install']
[0.311s] Level 1:colcon.colcon_core.package_identification:_identify(build) ignored
[0.311s] Level 1:colcon.colcon_core.package_identification:_identify(install) by extensions ['ignore', 'ignore_ament_install']
[0.311s] Level 1:colcon.colcon_core.package_identification:_identify(install) by extension 'ignore'
[0.311s] Level 1:colcon.colcon_core.package_identification:_identify(install) by extension 'ignore'
[0.311s] Level 1:colcon.colcon_core.package_identification:_identify(install) by extensions ['ignore', 'ignore_ament_install']
[0.311s] Level 1:colcon.colcon_core.package_identification:_identify(install) ignored
[0.311s] Level 1:colcon.colcon_core.package_identification:_identify(install) ignored
[0.311s] Level 1:colcon.colcon_core.package_identification:_identify(install) by extension 'ignore'
[0.311s] Level 1:colcon.colcon_core.package_identification:_identify(log) by extensions ['ignore', 'ignore_ament_install']
[0.311s] Level 1:colcon.colcon_core.package_identification:_identify(log) by extensions ['ignore', 'ignore_ament_install']
[0.311s] Level 1:colcon.colcon_core.package_identification:_identify(install) ignored
[0.311s] Level 1:colcon.colcon_core.package_identification:_identify(log) by extension 'ignore'
[0.311s] Level 1:colcon.colcon_core.package_identification:_identify(log) by extension 'ignore'
[0.311s] Level 1:colcon.colcon_core.package_identification:_identify(log) ignored
[0.311s] Level 1:colcon.colcon_core.package_identification:_identify(log) ignored
[0.312s] Level 1:colcon.colcon_core.package_identification:_identify(log) by extensions ['ignore', 'ignore_ament_install']
[0.312s] Level 1:colcon.colcon_core.package_identification:_identify(src) by extensions ['ignore', 'ignore_ament_install']
[0.311s] Level 1:colcon.colcon_core.package_identification:_identify(src) by extensions ['ignore', 'ignore_ament_install']
[0.312s] Level 1:colcon.colcon_core.package_identification:_identify(src) by extension 'ignore'
[0.312s] Level 1:colcon.colcon_core.package_identification:_identify(log) by extension 'ignore'
[0.312s] Level 1:colcon.colcon_core.package_identification:_identify(src) by extension 'ignore'
[0.312s] Level 1:colcon.colcon_core.package_identification:_identify(src) by extension 'ignore_ament_install'
[0.312s] Level 1:colcon.colcon_core.package_identification:_identify(log) ignored
[0.312s] Level 1:colcon.colcon_core.package_identification:_identify(src) by extension 'ignore_ament_install'
[0.312s] Level 1:colcon.colcon_core.package_identification:_identify(src) by extensions ['colcon_pkg']
[0.312s] Level 1:colcon.colcon_core.package_identification:_identify(src) by extensions ['colcon_pkg']
[0.312s] Level 1:colcon.colcon_core.package_identification:_identify(src) by extension 'colcon_pkg'
[0.312s] Level 1:colcon.colcon_core.package_identification:_identify(src) by extension 'colcon_pkg'
[0.312s] Level 1:colcon.colcon_core.package_identification:_identify(src) by extensions ['ignore', 'ignore_ament_install']
[0.312s] Level 1:colcon.colcon_core.package_identification:_identify(src) by extensions ['colcon_meta']
[0.312s] Level 1:colcon.colcon_core.package_identification:_identify(src) by extensions ['colcon_meta']
[0.312s] Level 1:colcon.colcon_core.package_identification:_identify(src) by extension 'colcon_meta'
[0.312s] Level 1:colcon.colcon_core.package_identification:_identify(src) by extension 'colcon_meta'
[0.312s] Level 1:colcon.colcon_core.package_identification:_identify(src) by extensions ['ros']
[0.312s] Level 1:colcon.colcon_core.package_identification:_identify(src) by extension 'ros'
[0.312s] Level 1:colcon.colcon_core.package_identification:_identify(src) by extension 'ignore'
[0.312s] Level 1:colcon.colcon_core.package_identification:_identify(src) by extensions ['ros']
[0.312s] Level 1:colcon.colcon_core.package_identification:_identify(src) by extension 'ros'
[0.312s] Level 1:colcon.colcon_core.package_identification:_identify(src) by extension 'ignore_ament_install'
[0.312s] Level 1:colcon.colcon_core.package_identification:_identify(src) by extensions ['cmake', 'python']
[0.312s] Level 1:colcon.colcon_core.package_identification:_identify(src) by extensions ['cmake', 'python']
[0.312s] Level 1:colcon.colcon_core.package_identification:_identify(src) by extension 'cmake'
[0.312s] Level 1:colcon.colcon_core.package_identification:_identify(src) by extension 'cmake'
[0.312s] Level 1:colcon.colcon_core.package_identification:_identify(src) by extension 'python'
[0.312s] Level 1:colcon.colcon_core.package_identification:_identify(src) by extensions ['colcon_pkg']
[0.312s] Level 1:colcon.colcon_core.package_identification:_identify(src) by extension 'python'
[0.312s] Level 1:colcon.colcon_core.package_identification:_identify(src) by extension 'colcon_pkg'
[0.312s] Level 1:colcon.colcon_core.package_identification:_identify(src) by extensions ['python_setup_py']
[0.312s] Level 1:colcon.colcon_core.package_identification:_identify(src) by extension 'python_setup_py'
[0.312s] Level 1:colcon.colcon_core.package_identification:_identify(src) by extensions ['python_setup_py']
[0.312s] Level 1:colcon.colcon_core.package_identification:_identify(src) by extension 'python_setup_py'
[0.312s] Level 1:colcon.colcon_core.package_identification:_identify(src) by extensions ['colcon_meta']
[0.312s] Level 1:colcon.colcon_core.package_identification:_identify(src) by extension 'colcon_meta'
[0.312s] Level 1:colcon.colcon_core.package_identification:_identify(src/bras_robot_description) by extensions ['ignore', 'ignore_ament_install']
[0.312s] Level 1:colcon.colcon_core.package_identification:_identify(src) by extensions ['ros']
[0.312s] Level 1:colcon.colcon_core.package_identification:_identify(src/bras_robot_description) by extensions ['ignore', 'ignore_ament_install']
[0.312s] Level 1:colcon.colcon_core.package_identification:_identify(src) by extension 'ros'
[0.312s] Level 1:colcon.colcon_core.package_identification:_identify(src/bras_robot_description) by extension 'ignore'
[0.312s] Level 1:colcon.colcon_core.package_identification:_identify(src/bras_robot_description) by extension 'ignore'
[0.312s] Level 1:colcon.colcon_core.package_identification:_identify(src/bras_robot_description) by extension 'ignore_ament_install'
[0.312s] Level 1:colcon.colcon_core.package_identification:_identify(src/bras_robot_description) by extension 'ignore_ament_install'
[0.313s] Level 1:colcon.colcon_core.package_identification:_identify(src/bras_robot_description) by extensions ['colcon_pkg']
[0.313s] Level 1:colcon.colcon_core.package_identification:_identify(src) by extensions ['cmake', 'python']
[0.312s] Level 1:colcon.colcon_core.package_identification:_identify(src/bras_robot_description) by extensions ['colcon_pkg']
[0.313s] Level 1:colcon.colcon_core.package_identification:_identify(src/bras_robot_description) by extension 'colcon_pkg'
[0.313s] Level 1:colcon.colcon_core.package_identification:_identify(src) by extension 'cmake'
[0.312s] Level 1:colcon.colcon_core.package_identification:_identify(src/bras_robot_description) by extension 'colcon_pkg'
[0.313s] Level 1:colcon.colcon_core.package_identification:_identify(src/bras_robot_description) by extensions ['colcon_meta']
[0.313s] Level 1:colcon.colcon_core.package_identification:_identify(src/bras_robot_description) by extensions ['colcon_meta']
[0.313s] Level 1:colcon.colcon_core.package_identification:_identify(src/bras_robot_description) by extension 'colcon_meta'
[0.313s] Level 1:colcon.colcon_core.package_identification:_identify(src) by extension 'python'
[0.313s] Level 1:colcon.colcon_core.package_identification:_identify(src/bras_robot_description) by extension 'colcon_meta'
[0.313s] Level 1:colcon.colcon_core.package_identification:_identify(src/bras_robot_description) by extensions ['ros']
[0.313s] Level 1:colcon.colcon_core.package_identification:_identify(src/bras_robot_description) by extensions ['ros']
[0.313s] Level 1:colcon.colcon_core.package_identification:_identify(src/bras_robot_description) by extension 'ros'
[0.313s] Level 1:colcon.colcon_core.package_identification:_identify(src) by extensions ['python_setup_py']
[0.313s] Level 1:colcon.colcon_core.package_identification:_identify(src/bras_robot_description) by extension 'ros'
[0.313s] Level 1:colcon.colcon_core.package_identification:_identify(src) by extension 'python_setup_py'
[0.313s] Level 1:colcon.colcon_core.package_identification:_identify(src/bras_robot_description) by extensions ['ignore', 'ignore_ament_install']
[0.313s] Level 1:colcon.colcon_core.package_identification:_identify(src/bras_robot_description) by extension 'ignore'
[0.313s] Level 1:colcon.colcon_core.package_identification:_identify(src/bras_robot_description) by extension 'ignore_ament_install'
[0.313s] Level 1:colcon.colcon_core.package_identification:_identify(src/bras_robot_description) by extensions ['colcon_pkg']
[0.313s] Level 1:colcon.colcon_core.package_identification:_identify(src/bras_robot_description) by extension 'colcon_pkg'
[0.313s] Level 1:colcon.colcon_core.package_identification:_identify(src/bras_robot_description) by extensions ['colcon_meta']
[0.313s] Level 1:colcon.colcon_core.package_identification:_identify(src/bras_robot_description) by extension 'colcon_meta'
[0.313s] Level 1:colcon.colcon_core.package_identification:_identify(src/bras_robot_description) by extensions ['ros']
[0.313s] Level 1:colcon.colcon_core.package_identification:_identify(src/bras_robot_description) by extension 'ros'
[0.317s] DEBUG:colcon.colcon_core.package_identification:Package 'src/bras_robot_description' with type 'ros.ament_cmake' and name 'bras_robot_description'
[0.317s] DEBUG:colcon.colcon_core.package_identification:Package 'src/bras_robot_description' with type 'ros.ament_cmake' and name 'bras_robot_description'
[0.317s] DEBUG:colcon.colcon_core.package_identification:Package 'src/bras_robot_description' with type 'ros.ament_cmake' and name 'bras_robot_description'
[0.317s] Level 1:colcon.colcon_core.package_identification:_identify(src/dynamixel_hardware) by extensions ['ignore', 'ignore_ament_install']
[0.317s] Level 1:colcon.colcon_core.package_identification:_identify(src/dynamixel_hardware) by extensions ['ignore', 'ignore_ament_install']
[0.317s] Level 1:colcon.colcon_core.package_identification:_identify(src/dynamixel_hardware) by extensions ['ignore', 'ignore_ament_install']
[0.317s] Level 1:colcon.colcon_core.package_identification:_identify(src/dynamixel_hardware) by extension 'ignore'
[0.317s] Level 1:colcon.colcon_core.package_identification:_identify(src/dynamixel_hardware) by extension 'ignore'
[0.317s] Level 1:colcon.colcon_core.package_identification:_identify(src/dynamixel_hardware) by extension 'ignore'
[0.317s] Level 1:colcon.colcon_core.package_identification:_identify(src/dynamixel_hardware) by extension 'ignore_ament_install'
[0.317s] Level 1:colcon.colcon_core.package_identification:_identify(src/dynamixel_hardware) by extension 'ignore_ament_install'
[0.317s] Level 1:colcon.colcon_core.package_identification:_identify(src/dynamixel_hardware) by extension 'ignore_ament_install'
[0.317s] Level 1:colcon.colcon_core.package_identification:_identify(src/dynamixel_hardware) by extensions ['colcon_pkg']
[0.317s] Level 1:colcon.colcon_core.package_identification:_identify(src/dynamixel_hardware) by extensions ['colcon_pkg']
[0.317s] Level 1:colcon.colcon_core.package_identification:_identify(src/dynamixel_hardware) by extension 'colcon_pkg'
[0.317s] Level 1:colcon.colcon_core.package_identification:_identify(src/dynamixel_hardware) by extension 'colcon_pkg'
[0.317s] Level 1:colcon.colcon_core.package_identification:_identify(src/dynamixel_hardware) by extensions ['colcon_pkg']
[0.317s] Level 1:colcon.colcon_core.package_identification:_identify(src/dynamixel_hardware) by extensions ['colcon_meta']
[0.317s] Level 1:colcon.colcon_core.package_identification:_identify(src/dynamixel_hardware) by extensions ['colcon_meta']
[0.317s] Level 1:colcon.colcon_core.package_identification:_identify(src/dynamixel_hardware) by extension 'colcon_meta'
[0.317s] Level 1:colcon.colcon_core.package_identification:_identify(src/dynamixel_hardware) by extension 'colcon_pkg'
[0.317s] Level 1:colcon.colcon_core.package_identification:_identify(src/dynamixel_hardware) by extension 'colcon_meta'
[0.317s] Level 1:colcon.colcon_core.package_identification:_identify(src/dynamixel_hardware) by extensions ['ros']
[0.317s] Level 1:colcon.colcon_core.package_identification:_identify(src/dynamixel_hardware) by extensions ['ros']
[0.317s] Level 1:colcon.colcon_core.package_identification:_identify(src/dynamixel_hardware) by extensions ['colcon_meta']
[0.317s] Level 1:colcon.colcon_core.package_identification:_identify(src/dynamixel_hardware) by extension 'ros'
[0.317s] Level 1:colcon.colcon_core.package_identification:_identify(src/dynamixel_hardware) by extension 'ros'
[0.318s] Level 1:colcon.colcon_core.package_identification:_identify(src/dynamixel_hardware) by extension 'colcon_meta'
[0.318s] Level 1:colcon.colcon_core.package_identification:_identify(src/dynamixel_hardware) by extensions ['ros']
[0.318s] Level 1:colcon.colcon_core.package_identification:_identify(src/dynamixel_hardware) by extension 'ros'
[0.318s] DEBUG:colcon.colcon_core.package_identification:Package 'src/dynamixel_hardware' with type 'ros.ament_cmake' and name 'dynamixel_hardware'
[0.318s] DEBUG:colcon.colcon_core.package_identification:Package 'src/dynamixel_hardware' with type 'ros.ament_cmake' and name 'dynamixel_hardware'
[0.319s] Level 1:colcon.colcon_core.package_identification:_identify(src/roboflex_description) by extensions ['ignore', 'ignore_ament_install']
[0.318s] Level 1:colcon.colcon_core.package_identification:_identify(src/roboflex_description) by extensions ['ignore', 'ignore_ament_install']
[0.319s] DEBUG:colcon.colcon_core.package_identification:Package 'src/dynamixel_hardware' with type 'ros.ament_cmake' and name 'dynamixel_hardware'
[0.319s] Level 1:colcon.colcon_core.package_identification:_identify(src/roboflex_description) by extension 'ignore'
[0.318s] Level 1:colcon.colcon_core.package_identification:_identify(src/roboflex_description) by extension 'ignore'
[0.319s] Level 1:colcon.colcon_core.package_identification:_identify(src/roboflex_description) by extension 'ignore_ament_install'
[0.319s] Level 1:colcon.colcon_core.package_identification:_identify(src/roboflex_description) by extensions ['ignore', 'ignore_ament_install']
[0.319s] Level 1:colcon.colcon_core.package_identification:_identify(src/roboflex_description) by extension 'ignore_ament_install'
[0.319s] Level 1:colcon.colcon_core.package_identification:_identify(src/roboflex_description) by extensions ['colcon_pkg']
[0.319s] Level 1:colcon.colcon_core.package_identification:_identify(src/roboflex_description) by extensions ['colcon_pkg']
[0.319s] Level 1:colcon.colcon_core.package_identification:_identify(src/roboflex_description) by extension 'ignore'
[0.319s] Level 1:colcon.colcon_core.package_identification:_identify(src/roboflex_description) by extension 'colcon_pkg'
[0.319s] Level 1:colcon.colcon_core.package_identification:_identify(src/roboflex_description) by extension 'colcon_pkg'
[0.319s] Level 1:colcon.colcon_core.package_identification:_identify(src/roboflex_description) by extensions ['colcon_meta']
[0.319s] Level 1:colcon.colcon_core.package_identification:_identify(src/roboflex_description) by extensions ['colcon_meta']
[0.319s] Level 1:colcon.colcon_core.package_identification:_identify(src/roboflex_description) by extension 'colcon_meta'
[0.319s] Level 1:colcon.colcon_core.package_identification:_identify(src/roboflex_description) by extension 'ignore_ament_install'
[0.319s] Level 1:colcon.colcon_core.package_identification:_identify(src/roboflex_description) by extension 'colcon_meta'
[0.319s] Level 1:colcon.colcon_core.package_identification:_identify(src/roboflex_description) by extensions ['ros']
[0.319s] Level 1:colcon.colcon_core.package_identification:_identify(src/roboflex_description) by extensions ['ros']
[0.319s] Level 1:colcon.colcon_core.package_identification:_identify(src/roboflex_description) by extension 'ros'
[0.319s] Level 1:colcon.colcon_core.package_identification:_identify(src/roboflex_description) by extension 'ros'
[0.319s] Level 1:colcon.colcon_core.package_identification:_identify(src/roboflex_description) by extensions ['colcon_pkg']
[0.319s] Level 1:colcon.colcon_core.package_identification:_identify(src/roboflex_description) by extension 'colcon_pkg'
[0.319s] Level 1:colcon.colcon_core.package_identification:_identify(src/roboflex_description) by extensions ['colcon_meta']
[0.319s] Level 1:colcon.colcon_core.package_identification:_identify(src/roboflex_description) by extension 'colcon_meta'
[0.319s] Level 1:colcon.colcon_core.package_identification:_identify(src/roboflex_description) by extensions ['ros']
[0.319s] Level 1:colcon.colcon_core.package_identification:_identify(src/roboflex_description) by extension 'ros'
[0.319s] DEBUG:colcon.colcon_core.package_identification:Package 'src/roboflex_description' with type 'ros.ament_cmake' and name 'roboflex_description'
[0.319s] DEBUG:colcon.colcon_core.package_identification:Package 'src/roboflex_description' with type 'ros.ament_cmake' and name 'roboflex_description'
[0.320s] Level 1:colcon.colcon_core.package_identification:_identify(src/roboflex_moveit_config) by extensions ['ignore', 'ignore_ament_install']
[0.319s] Level 1:colcon.colcon_core.package_identification:_identify(src/roboflex_moveit_config) by extensions ['ignore', 'ignore_ament_install']
[0.320s] Level 1:colcon.colcon_core.package_identification:_identify(src/roboflex_moveit_config) by extension 'ignore'
[0.320s] Level 1:colcon.colcon_core.package_identification:_identify(src/roboflex_moveit_config) by extension 'ignore'
[0.320s] Level 1:colcon.colcon_core.package_identification:_identify(src/roboflex_moveit_config) by extension 'ignore_ament_install'
[0.320s] Level 1:colcon.colcon_core.package_identification:_identify(src/roboflex_moveit_config) by extension 'ignore_ament_install'
[0.320s] DEBUG:colcon.colcon_core.package_identification:Package 'src/roboflex_description' with type 'ros.ament_cmake' and name 'roboflex_description'
[0.320s] Level 1:colcon.colcon_core.package_identification:_identify(src/roboflex_moveit_config) by extensions ['colcon_pkg']
[0.320s] Level 1:colcon.colcon_core.package_identification:_identify(src/roboflex_moveit_config) by extensions ['colcon_pkg']
[0.320s] Level 1:colcon.colcon_core.package_identification:_identify(src/roboflex_moveit_config) by extension 'colcon_pkg'
[0.320s] Level 1:colcon.colcon_core.package_identification:_identify(src/roboflex_moveit_config) by extension 'colcon_pkg'
[0.320s] Level 1:colcon.colcon_core.package_identification:_identify(src/roboflex_moveit_config) by extensions ['colcon_meta']
[0.320s] Level 1:colcon.colcon_core.package_identification:_identify(src/roboflex_moveit_config) by extensions ['colcon_meta']
[0.320s] Level 1:colcon.colcon_core.package_identification:_identify(src/roboflex_moveit_config) by extensions ['ignore', 'ignore_ament_install']
[0.320s] Level 1:colcon.colcon_core.package_identification:_identify(src/roboflex_moveit_config) by extension 'colcon_meta'
[0.320s] Level 1:colcon.colcon_core.package_identification:_identify(src/roboflex_moveit_config) by extension 'colcon_meta'
[0.320s] Level 1:colcon.colcon_core.package_identification:_identify(src/roboflex_moveit_config) by extensions ['ros']
[0.320s] Level 1:colcon.colcon_core.package_identification:_identify(src/roboflex_moveit_config) by extensions ['ros']
[0.320s] Level 1:colcon.colcon_core.package_identification:_identify(src/roboflex_moveit_config) by extension 'ros'
[0.320s] Level 1:colcon.colcon_core.package_identification:_identify(src/roboflex_moveit_config) by extension 'ros'
[0.320s] Level 1:colcon.colcon_core.package_identification:_identify(src/roboflex_moveit_config) by extension 'ignore'
[0.320s] Level 1:colcon.colcon_core.package_identification:_identify(src/roboflex_moveit_config) by extension 'ignore_ament_install'
[0.320s] Level 1:colcon.colcon_core.package_identification:_identify(src/roboflex_moveit_config) by extensions ['colcon_pkg']
[0.320s] Level 1:colcon.colcon_core.package_identification:_identify(src/roboflex_moveit_config) by extension 'colcon_pkg'
[0.320s] Level 1:colcon.colcon_core.package_identification:_identify(src/roboflex_moveit_config) by extensions ['colcon_meta']
[0.320s] Level 1:colcon.colcon_core.package_identification:_identify(src/roboflex_moveit_config) by extension 'colcon_meta'
[0.320s] Level 1:colcon.colcon_core.package_identification:_identify(src/roboflex_moveit_config) by extensions ['ros']
[0.320s] Level 1:colcon.colcon_core.package_identification:_identify(src/roboflex_moveit_config) by extension 'ros'
[0.321s] DEBUG:colcon.colcon_core.package_identification:Package 'src/roboflex_moveit_config' with type 'ros.ament_cmake' and name 'roboflex_moveit_config'
[0.321s] DEBUG:colcon.colcon_core.package_identification:Package 'src/roboflex_moveit_config' with type 'ros.ament_cmake' and name 'roboflex_moveit_config'
[0.321s] Level 1:colcon.colcon_core.package_identification:_identify(src/srdfdom-2.0.4) by extensions ['ignore', 'ignore_ament_install']
[0.321s] Level 1:colcon.colcon_core.package_identification:_identify(src/srdfdom-2.0.4) by extensions ['ignore', 'ignore_ament_install']
[0.321s] Level 1:colcon.colcon_core.package_identification:_identify(src/srdfdom-2.0.4) by extension 'ignore'
[0.321s] Level 1:colcon.colcon_core.package_identification:_identify(src/srdfdom-2.0.4) by extension 'ignore'
[0.321s] Level 1:colcon.colcon_core.package_identification:_identify(src/srdfdom-2.0.4) by extension 'ignore_ament_install'
[0.321s] Level 1:colcon.colcon_core.package_identification:_identify(src/srdfdom-2.0.4) by extension 'ignore_ament_install'
[0.321s] Level 1:colcon.colcon_core.package_identification:_identify(src/srdfdom-2.0.4) by extensions ['colcon_pkg']
[0.321s] Level 1:colcon.colcon_core.package_identification:_identify(src/srdfdom-2.0.4) by extensions ['colcon_pkg']
[0.321s] Level 1:colcon.colcon_core.package_identification:_identify(src/srdfdom-2.0.4) by extension 'colcon_pkg'
[0.321s] Level 1:colcon.colcon_core.package_identification:_identify(src/srdfdom-2.0.4) by extension 'colcon_pkg'
[0.321s] Level 1:colcon.colcon_core.package_identification:_identify(src/srdfdom-2.0.4) by extensions ['colcon_meta']
[0.321s] Level 1:colcon.colcon_core.package_identification:_identify(src/srdfdom-2.0.4) by extensions ['colcon_meta']
[0.321s] Level 1:colcon.colcon_core.package_identification:_identify(src/srdfdom-2.0.4) by extension 'colcon_meta'
[0.321s] Level 1:colcon.colcon_core.package_identification:_identify(src/srdfdom-2.0.4) by extension 'colcon_meta'
[0.321s] Level 1:colcon.colcon_core.package_identification:_identify(src/srdfdom-2.0.4) by extensions ['ros']
[0.321s] Level 1:colcon.colcon_core.package_identification:_identify(src/srdfdom-2.0.4) by extensions ['ros']
[0.321s] Level 1:colcon.colcon_core.package_identification:_identify(src/srdfdom-2.0.4) by extension 'ros'
[0.321s] DEBUG:colcon.colcon_core.package_identification:Package 'src/roboflex_moveit_config' with type 'ros.ament_cmake' and name 'roboflex_moveit_config'
[0.321s] Level 1:colcon.colcon_core.package_identification:_identify(src/srdfdom-2.0.4) by extension 'ros'
[0.322s] Level 1:colcon.colcon_core.package_identification:_identify(src/srdfdom-2.0.4) by extensions ['ignore', 'ignore_ament_install']
[0.322s] Level 1:colcon.colcon_core.package_identification:_identify(src/srdfdom-2.0.4) by extension 'ignore'
[0.322s] Level 1:colcon.colcon_core.package_identification:_identify(src/srdfdom-2.0.4) by extension 'ignore_ament_install'
[0.322s] Level 1:colcon.colcon_core.package_identification:_identify(src/srdfdom-2.0.4) by extensions ['colcon_pkg']
[0.322s] Level 1:colcon.colcon_core.package_identification:_identify(src/srdfdom-2.0.4) by extension 'colcon_pkg'
[0.322s] Level 1:colcon.colcon_core.package_identification:_identify(src/srdfdom-2.0.4) by extensions ['colcon_meta']
[0.322s] Level 1:colcon.colcon_core.package_identification:_identify(src/srdfdom-2.0.4) by extension 'colcon_meta'
[0.322s] Level 1:colcon.colcon_core.package_identification:_identify(src/srdfdom-2.0.4) by extensions ['ros']
[0.322s] Level 1:colcon.colcon_core.package_identification:_identify(src/srdfdom-2.0.4) by extension 'ros'
[0.322s] DEBUG:colcon.colcon_core.package_identification:Package 'src/srdfdom-2.0.4' with type 'ros.ament_cmake' and name 'srdfdom'
[0.322s] DEBUG:colcon.colcon_core.package_identification:Package 'src/srdfdom-2.0.4' with type 'ros.ament_cmake' and name 'srdfdom'
[0.322s] Level 1:colcon.colcon_core.package_discovery:discover_packages(recursive) using defaults
[0.322s] Level 1:colcon.colcon_core.package_discovery:discover_packages(recursive) using defaults
[0.322s] Level 1:colcon.colcon_core.package_discovery:discover_packages(ignore) discover
[0.322s] Level 1:colcon.colcon_core.package_discovery:discover_packages(ignore) using defaults
[0.322s] Level 1:colcon.colcon_core.package_discovery:discover_packages(ignore) discover
[0.322s] Level 1:colcon.colcon_core.package_discovery:discover_packages(path) discover
[0.322s] Level 1:colcon.colcon_core.package_discovery:discover_packages(ignore) using defaults
[0.322s] Level 1:colcon.colcon_core.package_discovery:discover_packages(path) using defaults
[0.322s] Level 1:colcon.colcon_core.package_discovery:discover_packages(path) discover
[0.322s] Level 1:colcon.colcon_core.package_discovery:discover_packages(path) using defaults
[0.323s] DEBUG:colcon.colcon_core.package_identification:Package 'src/srdfdom-2.0.4' with type 'ros.ament_cmake' and name 'srdfdom'
[0.323s] Level 1:colcon.colcon_core.package_discovery:discover_packages(recursive) using defaults
[0.323s] Level 1:colcon.colcon_core.package_discovery:discover_packages(ignore) discover
[0.323s] Level 1:colcon.colcon_core.package_discovery:discover_packages(ignore) using defaults
[0.323s] Level 1:colcon.colcon_core.package_discovery:discover_packages(path) discover
[0.323s] Level 1:colcon.colcon_core.package_discovery:discover_packages(path) using defaults
[0.352s] Level 1:colcon.colcon_core.package_discovery:discover_packages(prefix_path) check parameters
[0.352s] Level 1:colcon.colcon_core.package_discovery:discover_packages(prefix_path) check parameters
[0.353s] Level 1:colcon.colcon_core.package_discovery:discover_packages(prefix_path) discover
[0.353s] Level 1:colcon.colcon_core.package_discovery:discover_packages(prefix_path) discover
[0.353s] Level 1:colcon.colcon_core.package_discovery:discover_packages(prefix_path) check parameters
[0.353s] Level 1:colcon.colcon_core.package_discovery:discover_packages(prefix_path) discover
[0.363s] DEBUG:colcon.colcon_installed_package_information.package_discovery:Found 366 installed packages in /opt/ros/jazzy
[0.363s] DEBUG:colcon.colcon_installed_package_information.package_discovery:Found 366 installed packages in /opt/ros/jazzy
[0.363s] DEBUG:colcon.colcon_installed_package_information.package_discovery:Found 366 installed packages in /opt/ros/jazzy
[0.366s] Level 1:colcon.colcon_core.package_discovery:discover_packages(prefix_path) using defaults
[0.366s] Level 1:colcon.colcon_core.package_discovery:discover_packages(prefix_path) using defaults
[0.366s] Level 1:colcon.colcon_core.package_discovery:discover_packages(prefix_path) using defaults
[0.433s] Level 5:colcon.colcon_core.verb:set package 'bras_robot_description' build argument 'cmake_args' from command line to 'None'
[0.433s] Level 5:colcon.colcon_core.verb:set package 'bras_robot_description' build argument 'cmake_target' from command line to 'None'
[0.433s] Level 5:colcon.colcon_core.verb:set package 'bras_robot_description' build argument 'cmake_target_skip_unavailable' from command line to 'False'
[0.433s] Level 5:colcon.colcon_core.verb:set package 'bras_robot_description' build argument 'cmake_clean_cache' from command line to 'False'
[0.433s] Level 5:colcon.colcon_core.verb:set package 'bras_robot_description' build argument 'cmake_clean_first' from command line to 'False'
[0.433s] Level 5:colcon.colcon_core.verb:set package 'bras_robot_description' build argument 'cmake_args' from command line to 'None'
[0.433s] Level 5:colcon.colcon_core.verb:set package 'bras_robot_description' build argument 'cmake_args' from command line to 'None'
[0.433s] Level 5:colcon.colcon_core.verb:set package 'bras_robot_description' build argument 'cmake_force_configure' from command line to 'False'
[0.433s] Level 5:colcon.colcon_core.verb:set package 'bras_robot_description' build argument 'cmake_target' from command line to 'None'
[0.433s] Level 5:colcon.colcon_core.verb:set package 'bras_robot_description' build argument 'cmake_target' from command line to 'None'
[0.433s] Level 5:colcon.colcon_core.verb:set package 'bras_robot_description' build argument 'cmake_target_skip_unavailable' from command line to 'False'
[0.433s] Level 5:colcon.colcon_core.verb:set package 'bras_robot_description' build argument 'ament_cmake_args' from command line to 'None'
[0.433s] Level 5:colcon.colcon_core.verb:set package 'bras_robot_description' build argument 'cmake_target_skip_unavailable' from command line to 'False'
[0.433s] Level 5:colcon.colcon_core.verb:set package 'bras_robot_description' build argument 'cmake_clean_cache' from command line to 'False'
[0.433s] Level 5:colcon.colcon_core.verb:set package 'bras_robot_description' build argument 'catkin_cmake_args' from command line to 'None'
[0.433s] Level 5:colcon.colcon_core.verb:set package 'bras_robot_description' build argument 'cmake_clean_cache' from command line to 'False'
[0.433s] Level 5:colcon.colcon_core.verb:set package 'bras_robot_description' build argument 'cmake_clean_first' from command line to 'False'
[0.433s] Level 5:colcon.colcon_core.verb:set package 'bras_robot_description' build argument 'cmake_clean_first' from command line to 'False'
[0.433s] Level 5:colcon.colcon_core.verb:set package 'bras_robot_description' build argument 'cmake_force_configure' from command line to 'False'
[0.433s] Level 5:colcon.colcon_core.verb:set package 'bras_robot_description' build argument 'catkin_skip_building_tests' from command line to 'False'
[0.433s] Level 5:colcon.colcon_core.verb:set package 'bras_robot_description' build argument 'cmake_force_configure' from command line to 'False'
[0.433s] Level 5:colcon.colcon_core.verb:set package 'bras_robot_description' build argument 'ament_cmake_args' from command line to 'None'
[0.433s] Level 5:colcon.colcon_core.verb:set package 'bras_robot_description' build argument 'ament_cmake_args' from command line to 'None'
[0.433s] Level 5:colcon.colcon_core.verb:set package 'bras_robot_description' build argument 'catkin_cmake_args' from command line to 'None'
[0.433s] Level 5:colcon.colcon_core.verb:set package 'bras_robot_description' build argument 'catkin_cmake_args' from command line to 'None'
[0.433s] Level 5:colcon.colcon_core.verb:set package 'bras_robot_description' build argument 'catkin_skip_building_tests' from command line to 'False'
[0.433s] DEBUG:colcon.colcon_core.verb:Building package 'bras_robot_description' with the following arguments: {'ament_cmake_args': None, 'build_base': '/home/muneeb/RoboFlexv2.0/brainswarm_ws/build/bras_robot_description', 'catkin_cmake_args': None, 'catkin_skip_building_tests': False, 'cmake_args': None, 'cmake_clean_cache': False, 'cmake_clean_first': False, 'cmake_force_configure': False, 'cmake_target': None, 'cmake_target_skip_unavailable': False, 'install_base': '/home/muneeb/RoboFlexv2.0/brainswarm_ws/install/bras_robot_description', 'merge_install': False, 'path': '/home/muneeb/RoboFlexv2.0/brainswarm_ws/src/bras_robot_description', 'symlink_install': False, 'test_result_base': None}
[0.433s] Level 5:colcon.colcon_core.verb:set package 'bras_robot_description' build argument 'catkin_skip_building_tests' from command line to 'False'
[0.433s] DEBUG:colcon.colcon_core.verb:Building package 'bras_robot_description' with the following arguments: {'ament_cmake_args': None, 'build_base': '/home/muneeb/RoboFlexv2.0/brainswarm_ws/build/bras_robot_description', 'catkin_cmake_args': None, 'catkin_skip_building_tests': False, 'cmake_args': None, 'cmake_clean_cache': False, 'cmake_clean_first': False, 'cmake_force_configure': False, 'cmake_target': None, 'cmake_target_skip_unavailable': False, 'install_base': '/home/muneeb/RoboFlexv2.0/brainswarm_ws/install/bras_robot_description', 'merge_install': False, 'path': '/home/muneeb/RoboFlexv2.0/brainswarm_ws/src/bras_robot_description', 'symlink_install': False, 'test_result_base': None}
[0.433s] DEBUG:colcon.colcon_core.verb:Building package 'bras_robot_description' with the following arguments: {'ament_cmake_args': None, 'build_base': '/home/muneeb/RoboFlexv2.0/brainswarm_ws/build/bras_robot_description', 'catkin_cmake_args': None, 'catkin_skip_building_tests': False, 'cmake_args': None, 'cmake_clean_cache': False, 'cmake_clean_first': False, 'cmake_force_configure': False, 'cmake_target': None, 'cmake_target_skip_unavailable': False, 'install_base': '/home/muneeb/RoboFlexv2.0/brainswarm_ws/install/bras_robot_description', 'merge_install': False, 'path': '/home/muneeb/RoboFlexv2.0/brainswarm_ws/src/bras_robot_description', 'symlink_install': False, 'test_result_base': None}
[0.433s] Level 5:colcon.colcon_core.verb:set package 'dynamixel_hardware' build argument 'cmake_args' from command line to 'None'
[0.434s] Level 5:colcon.colcon_core.verb:set package 'dynamixel_hardware' build argument 'cmake_args' from command line to 'None'
[0.433s] Level 5:colcon.colcon_core.verb:set package 'dynamixel_hardware' build argument 'cmake_target' from command line to 'None'
[0.434s] Level 5:colcon.colcon_core.verb:set package 'dynamixel_hardware' build argument 'cmake_args' from command line to 'None'
[0.433s] Level 5:colcon.colcon_core.verb:set package 'dynamixel_hardware' build argument 'cmake_target_skip_unavailable' from command line to 'False'
[0.434s] Level 5:colcon.colcon_core.verb:set package 'dynamixel_hardware' build argument 'cmake_target' from command line to 'None'
[0.434s] Level 5:colcon.colcon_core.verb:set package 'dynamixel_hardware' build argument 'cmake_clean_cache' from command line to 'False'
[0.434s] Level 5:colcon.colcon_core.verb:set package 'dynamixel_hardware' build argument 'cmake_target_skip_unavailable' from command line to 'False'
[0.434s] Level 5:colcon.colcon_core.verb:set package 'dynamixel_hardware' build argument 'cmake_target' from command line to 'None'
[0.434s] Level 5:colcon.colcon_core.verb:set package 'dynamixel_hardware' build argument 'cmake_clean_first' from command line to 'False'
[0.434s] Level 5:colcon.colcon_core.verb:set package 'dynamixel_hardware' build argument 'cmake_clean_cache' from command line to 'False'
[0.434s] Level 5:colcon.colcon_core.verb:set package 'dynamixel_hardware' build argument 'cmake_force_configure' from command line to 'False'
[0.434s] Level 5:colcon.colcon_core.verb:set package 'dynamixel_hardware' build argument 'cmake_clean_first' from command line to 'False'
[0.434s] Level 5:colcon.colcon_core.verb:set package 'dynamixel_hardware' build argument 'cmake_target_skip_unavailable' from command line to 'False'
[0.434s] Level 5:colcon.colcon_core.verb:set package 'dynamixel_hardware' build argument 'ament_cmake_args' from command line to 'None'
[0.434s] Level 5:colcon.colcon_core.verb:set package 'dynamixel_hardware' build argument 'cmake_force_configure' from command line to 'False'
[0.434s] Level 5:colcon.colcon_core.verb:set package 'dynamixel_hardware' build argument 'catkin_cmake_args' from command line to 'None'
[0.434s] Level 5:colcon.colcon_core.verb:set package 'dynamixel_hardware' build argument 'ament_cmake_args' from command line to 'None'
[0.434s] Level 5:colcon.colcon_core.verb:set package 'dynamixel_hardware' build argument 'cmake_clean_cache' from command line to 'False'
[0.434s] Level 5:colcon.colcon_core.verb:set package 'dynamixel_hardware' build argument 'catkin_skip_building_tests' from command line to 'False'
[0.434s] Level 5:colcon.colcon_core.verb:set package 'dynamixel_hardware' build argument 'catkin_cmake_args' from command line to 'None'
[0.434s] Level 5:colcon.colcon_core.verb:set package 'dynamixel_hardware' build argument 'catkin_skip_building_tests' from command line to 'False'
[0.434s] DEBUG:colcon.colcon_core.verb:Building package 'dynamixel_hardware' with the following arguments: {'ament_cmake_args': None, 'build_base': '/home/muneeb/RoboFlexv2.0/brainswarm_ws/build/dynamixel_hardware', 'catkin_cmake_args': None, 'catkin_skip_building_tests': False, 'cmake_args': None, 'cmake_clean_cache': False, 'cmake_clean_first': False, 'cmake_force_configure': False, 'cmake_target': None, 'cmake_target_skip_unavailable': False, 'install_base': '/home/muneeb/RoboFlexv2.0/brainswarm_ws/install/dynamixel_hardware', 'merge_install': False, 'path': '/home/muneeb/RoboFlexv2.0/brainswarm_ws/src/dynamixel_hardware', 'symlink_install': False, 'test_result_base': None}
[0.434s] Level 5:colcon.colcon_core.verb:set package 'dynamixel_hardware' build argument 'cmake_clean_first' from command line to 'False'
[0.434s] DEBUG:colcon.colcon_core.verb:Building package 'dynamixel_hardware' with the following arguments: {'ament_cmake_args': None, 'build_base': '/home/muneeb/RoboFlexv2.0/brainswarm_ws/build/dynamixel_hardware', 'catkin_cmake_args': None, 'catkin_skip_building_tests': False, 'cmake_args': None, 'cmake_clean_cache': False, 'cmake_clean_first': False, 'cmake_force_configure': False, 'cmake_target': None, 'cmake_target_skip_unavailable': False, 'install_base': '/home/muneeb/RoboFlexv2.0/brainswarm_ws/install/dynamixel_hardware', 'merge_install': False, 'path': '/home/muneeb/RoboFlexv2.0/brainswarm_ws/src/dynamixel_hardware', 'symlink_install': False, 'test_result_base': None}
[0.434s] Level 5:colcon.colcon_core.verb:set package 'dynamixel_hardware' build argument 'cmake_force_configure' from command line to 'False'
[0.434s] Level 5:colcon.colcon_core.verb:set package 'dynamixel_hardware' build argument 'ament_cmake_args' from command line to 'None'
[0.434s] Level 5:colcon.colcon_core.verb:set package 'dynamixel_hardware' build argument 'catkin_cmake_args' from command line to 'None'
[0.434s] Level 5:colcon.colcon_core.verb:set package 'dynamixel_hardware' build argument 'catkin_skip_building_tests' from command line to 'False'
[0.434s] DEBUG:colcon.colcon_core.verb:Building package 'dynamixel_hardware' with the following arguments: {'ament_cmake_args': None, 'build_base': '/home/muneeb/RoboFlexv2.0/brainswarm_ws/build/dynamixel_hardware', 'catkin_cmake_args': None, 'catkin_skip_building_tests': False, 'cmake_args': None, 'cmake_clean_cache': False, 'cmake_clean_first': False, 'cmake_force_configure': False, 'cmake_target': None, 'cmake_target_skip_unavailable': False, 'install_base': '/home/muneeb/RoboFlexv2.0/brainswarm_ws/install/dynamixel_hardware', 'merge_install': False, 'path': '/home/muneeb/RoboFlexv2.0/brainswarm_ws/src/dynamixel_hardware', 'symlink_install': False, 'test_result_base': None}
[0.434s] Level 5:colcon.colcon_core.verb:set package 'roboflex_description' build argument 'cmake_args' from command line to 'None'
[0.434s] Level 5:colcon.colcon_core.verb:set package 'roboflex_description' build argument 'cmake_target' from command line to 'None'
[0.434s] Level 5:colcon.colcon_core.verb:set package 'roboflex_description' build argument 'cmake_args' from command line to 'None'
[0.434s] Level 5:colcon.colcon_core.verb:set package 'roboflex_description' build argument 'cmake_target_skip_unavailable' from command line to 'False'
[0.434s] Level 5:colcon.colcon_core.verb:set package 'roboflex_description' build argument 'cmake_clean_cache' from command line to 'False'
[0.434s] Level 5:colcon.colcon_core.verb:set package 'roboflex_description' build argument 'cmake_target' from command line to 'None'
[0.434s] Level 5:colcon.colcon_core.verb:set package 'roboflex_description' build argument 'cmake_clean_first' from command line to 'False'
[0.434s] Level 5:colcon.colcon_core.verb:set package 'roboflex_description' build argument 'cmake_target_skip_unavailable' from command line to 'False'
[0.434s] Level 5:colcon.colcon_core.verb:set package 'roboflex_description' build argument 'cmake_force_configure' from command line to 'False'
[0.434s] Level 5:colcon.colcon_core.verb:set package 'roboflex_description' build argument 'cmake_clean_cache' from command line to 'False'
[0.434s] Level 5:colcon.colcon_core.verb:set package 'roboflex_description' build argument 'ament_cmake_args' from command line to 'None'
[0.434s] Level 5:colcon.colcon_core.verb:set package 'roboflex_description' build argument 'cmake_clean_first' from command line to 'False'
[0.434s] Level 5:colcon.colcon_core.verb:set package 'roboflex_description' build argument 'catkin_cmake_args' from command line to 'None'
[0.434s] Level 5:colcon.colcon_core.verb:set package 'roboflex_description' build argument 'cmake_force_configure' from command line to 'False'
[0.434s] Level 5:colcon.colcon_core.verb:set package 'roboflex_description' build argument 'catkin_skip_building_tests' from command line to 'False'
[0.434s] Level 5:colcon.colcon_core.verb:set package 'roboflex_description' build argument 'ament_cmake_args' from command line to 'None'
[0.434s] Level 5:colcon.colcon_core.verb:set package 'roboflex_description' build argument 'catkin_cmake_args' from command line to 'None'
[0.434s] DEBUG:colcon.colcon_core.verb:Building package 'roboflex_description' with the following arguments: {'ament_cmake_args': None, 'build_base': '/home/muneeb/RoboFlexv2.0/brainswarm_ws/build/roboflex_description', 'catkin_cmake_args': None, 'catkin_skip_building_tests': False, 'cmake_args': None, 'cmake_clean_cache': False, 'cmake_clean_first': False, 'cmake_force_configure': False, 'cmake_target': None, 'cmake_target_skip_unavailable': False, 'install_base': '/home/muneeb/RoboFlexv2.0/brainswarm_ws/install/roboflex_description', 'merge_install': False, 'path': '/home/muneeb/RoboFlexv2.0/brainswarm_ws/src/roboflex_description', 'symlink_install': False, 'test_result_base': None}
[0.434s] Level 5:colcon.colcon_core.verb:set package 'roboflex_description' build argument 'catkin_skip_building_tests' from command line to 'False'
[0.434s] DEBUG:colcon.colcon_core.verb:Building package 'roboflex_description' with the following arguments: {'ament_cmake_args': None, 'build_base': '/home/muneeb/RoboFlexv2.0/brainswarm_ws/build/roboflex_description', 'catkin_cmake_args': None, 'catkin_skip_building_tests': False, 'cmake_args': None, 'cmake_clean_cache': False, 'cmake_clean_first': False, 'cmake_force_configure': False, 'cmake_target': None, 'cmake_target_skip_unavailable': False, 'install_base': '/home/muneeb/RoboFlexv2.0/brainswarm_ws/install/roboflex_description', 'merge_install': False, 'path': '/home/muneeb/RoboFlexv2.0/brainswarm_ws/src/roboflex_description', 'symlink_install': False, 'test_result_base': None}
[0.434s] Level 5:colcon.colcon_core.verb:set package 'roboflex_description' build argument 'cmake_args' from command line to 'None'
[0.435s] Level 5:colcon.colcon_core.verb:set package 'roboflex_description' build argument 'cmake_target' from command line to 'None'
[0.435s] Level 5:colcon.colcon_core.verb:set package 'roboflex_description' build argument 'cmake_target_skip_unavailable' from command line to 'False'
[0.434s] Level 5:colcon.colcon_core.verb:set package 'srdfdom' build argument 'cmake_args' from command line to 'None'
[0.435s] Level 5:colcon.colcon_core.verb:set package 'roboflex_description' build argument 'cmake_clean_cache' from command line to 'False'
[0.435s] Level 5:colcon.colcon_core.verb:set package 'srdfdom' build argument 'cmake_target' from command line to 'None'
[0.435s] Level 5:colcon.colcon_core.verb:set package 'srdfdom' build argument 'cmake_target_skip_unavailable' from command line to 'False'
[0.435s] Level 5:colcon.colcon_core.verb:set package 'roboflex_description' build argument 'cmake_clean_first' from command line to 'False'
[0.435s] Level 5:colcon.colcon_core.verb:set package 'srdfdom' build argument 'cmake_args' from command line to 'None'
[0.435s] Level 5:colcon.colcon_core.verb:set package 'srdfdom' build argument 'cmake_clean_cache' from command line to 'False'
[0.435s] Level 5:colcon.colcon_core.verb:set package 'srdfdom' build argument 'cmake_target' from command line to 'None'
[0.435s] Level 5:colcon.colcon_core.verb:set package 'roboflex_description' build argument 'cmake_force_configure' from command line to 'False'
[0.435s] Level 5:colcon.colcon_core.verb:set package 'srdfdom' build argument 'cmake_clean_first' from command line to 'False'
[0.435s] Level 5:colcon.colcon_core.verb:set package 'srdfdom' build argument 'cmake_target_skip_unavailable' from command line to 'False'
[0.435s] Level 5:colcon.colcon_core.verb:set package 'srdfdom' build argument 'cmake_force_configure' from command line to 'False'
[0.435s] Level 5:colcon.colcon_core.verb:set package 'roboflex_description' build argument 'ament_cmake_args' from command line to 'None'
[0.435s] Level 5:colcon.colcon_core.verb:set package 'srdfdom' build argument 'cmake_clean_cache' from command line to 'False'
[0.435s] Level 5:colcon.colcon_core.verb:set package 'srdfdom' build argument 'ament_cmake_args' from command line to 'None'
[0.435s] Level 5:colcon.colcon_core.verb:set package 'srdfdom' build argument 'cmake_clean_first' from command line to 'False'
[0.435s] Level 5:colcon.colcon_core.verb:set package 'srdfdom' build argument 'catkin_cmake_args' from command line to 'None'
[0.435s] Level 5:colcon.colcon_core.verb:set package 'roboflex_description' build argument 'catkin_cmake_args' from command line to 'None'
[0.435s] Level 5:colcon.colcon_core.verb:set package 'srdfdom' build argument 'cmake_force_configure' from command line to 'False'
[0.435s] Level 5:colcon.colcon_core.verb:set package 'srdfdom' build argument 'catkin_skip_building_tests' from command line to 'False'
[0.435s] Level 5:colcon.colcon_core.verb:set package 'srdfdom' build argument 'ament_cmake_args' from command line to 'None'
[0.435s] Level 5:colcon.colcon_core.verb:set package 'roboflex_description' build argument 'catkin_skip_building_tests' from command line to 'False'
[0.435s] DEBUG:colcon.colcon_core.verb:Building package 'srdfdom' with the following arguments: {'ament_cmake_args': None, 'build_base': '/home/muneeb/RoboFlexv2.0/brainswarm_ws/build/srdfdom', 'catkin_cmake_args': None, 'catkin_skip_building_tests': False, 'cmake_args': None, 'cmake_clean_cache': False, 'cmake_clean_first': False, 'cmake_force_configure': False, 'cmake_target': None, 'cmake_target_skip_unavailable': False, 'install_base': '/home/muneeb/RoboFlexv2.0/brainswarm_ws/install/srdfdom', 'merge_install': False, 'path': '/home/muneeb/RoboFlexv2.0/brainswarm_ws/src/srdfdom-2.0.4', 'symlink_install': False, 'test_result_base': None}
[0.435s] Level 5:colcon.colcon_core.verb:set package 'srdfdom' build argument 'catkin_cmake_args' from command line to 'None'
[0.435s] Level 5:colcon.colcon_core.verb:set package 'srdfdom' build argument 'catkin_skip_building_tests' from command line to 'False'
[0.435s] DEBUG:colcon.colcon_core.verb:Building package 'roboflex_description' with the following arguments: {'ament_cmake_args': None, 'build_base': '/home/muneeb/RoboFlexv2.0/brainswarm_ws/build/roboflex_description', 'catkin_cmake_args': None, 'catkin_skip_building_tests': False, 'cmake_args': None, 'cmake_clean_cache': False, 'cmake_clean_first': False, 'cmake_force_configure': False, 'cmake_target': None, 'cmake_target_skip_unavailable': False, 'install_base': '/home/muneeb/RoboFlexv2.0/brainswarm_ws/install/roboflex_description', 'merge_install': False, 'path': '/home/muneeb/RoboFlexv2.0/brainswarm_ws/src/roboflex_description', 'symlink_install': False, 'test_result_base': None}
[0.435s] DEBUG:colcon.colcon_core.verb:Building package 'srdfdom' with the following arguments: {'ament_cmake_args': None, 'build_base': '/home/muneeb/RoboFlexv2.0/brainswarm_ws/build/srdfdom', 'catkin_cmake_args': None, 'catkin_skip_building_tests': False, 'cmake_args': None, 'cmake_clean_cache': False, 'cmake_clean_first': False, 'cmake_force_configure': False, 'cmake_target': None, 'cmake_target_skip_unavailable': False, 'install_base': '/home/muneeb/RoboFlexv2.0/brainswarm_ws/install/srdfdom', 'merge_install': False, 'path': '/home/muneeb/RoboFlexv2.0/brainswarm_ws/src/srdfdom-2.0.4', 'symlink_install': False, 'test_result_base': None}
[0.435s] Level 5:colcon.colcon_core.verb:set package 'roboflex_moveit_config' build argument 'cmake_args' from command line to 'None'
[0.435s] Level 5:colcon.colcon_core.verb:set package 'roboflex_moveit_config' build argument 'cmake_target' from command line to 'None'
[0.435s] Level 5:colcon.colcon_core.verb:set package 'roboflex_moveit_config' build argument 'cmake_target_skip_unavailable' from command line to 'False'
[0.435s] Level 5:colcon.colcon_core.verb:set package 'roboflex_moveit_config' build argument 'cmake_clean_cache' from command line to 'False'
[0.435s] Level 5:colcon.colcon_core.verb:set package 'roboflex_moveit_config' build argument 'cmake_args' from command line to 'None'
[0.435s] Level 5:colcon.colcon_core.verb:set package 'roboflex_moveit_config' build argument 'cmake_clean_first' from command line to 'False'
[0.435s] Level 5:colcon.colcon_core.verb:set package 'roboflex_moveit_config' build argument 'cmake_target' from command line to 'None'
[0.435s] Level 5:colcon.colcon_core.verb:set package 'roboflex_moveit_config' build argument 'cmake_force_configure' from command line to 'False'
[0.435s] Level 5:colcon.colcon_core.verb:set package 'roboflex_moveit_config' build argument 'cmake_target_skip_unavailable' from command line to 'False'
[0.435s] Level 5:colcon.colcon_core.verb:set package 'srdfdom' build argument 'cmake_args' from command line to 'None'
[0.435s] Level 5:colcon.colcon_core.verb:set package 'roboflex_moveit_config' build argument 'ament_cmake_args' from command line to 'None'
[0.435s] Level 5:colcon.colcon_core.verb:set package 'roboflex_moveit_config' build argument 'cmake_clean_cache' from command line to 'False'
[0.435s] Level 5:colcon.colcon_core.verb:set package 'roboflex_moveit_config' build argument 'catkin_cmake_args' from command line to 'None'
[0.435s] Level 5:colcon.colcon_core.verb:set package 'roboflex_moveit_config' build argument 'cmake_clean_first' from command line to 'False'
[0.435s] Level 5:colcon.colcon_core.verb:set package 'roboflex_moveit_config' build argument 'catkin_skip_building_tests' from command line to 'False'
[0.435s] Level 5:colcon.colcon_core.verb:set package 'srdfdom' build argument 'cmake_target' from command line to 'None'
[0.435s] Level 5:colcon.colcon_core.verb:set package 'roboflex_moveit_config' build argument 'cmake_force_configure' from command line to 'False'
[0.435s] Level 5:colcon.colcon_core.verb:set package 'roboflex_moveit_config' build argument 'ament_cmake_args' from command line to 'None'
[0.435s] DEBUG:colcon.colcon_core.verb:Building package 'roboflex_moveit_config' with the following arguments: {'ament_cmake_args': None, 'build_base': '/home/muneeb/RoboFlexv2.0/brainswarm_ws/build/roboflex_moveit_config', 'catkin_cmake_args': None, 'catkin_skip_building_tests': False, 'cmake_args': None, 'cmake_clean_cache': False, 'cmake_clean_first': False, 'cmake_force_configure': False, 'cmake_target': None, 'cmake_target_skip_unavailable': False, 'install_base': '/home/muneeb/RoboFlexv2.0/brainswarm_ws/install/roboflex_moveit_config', 'merge_install': False, 'path': '/home/muneeb/RoboFlexv2.0/brainswarm_ws/src/roboflex_moveit_config', 'symlink_install': False, 'test_result_base': None}
[0.435s] Level 5:colcon.colcon_core.verb:set package 'srdfdom' build argument 'cmake_target_skip_unavailable' from command line to 'False'
[0.435s] Level 5:colcon.colcon_core.verb:set package 'roboflex_moveit_config' build argument 'catkin_cmake_args' from command line to 'None'
[0.435s] Level 5:colcon.colcon_core.verb:set package 'roboflex_moveit_config' build argument 'catkin_skip_building_tests' from command line to 'False'
[0.435s] Level 5:colcon.colcon_core.verb:set package 'srdfdom' build argument 'cmake_clean_cache' from command line to 'False'
[0.435s] DEBUG:colcon.colcon_core.verb:Building package 'roboflex_moveit_config' with the following arguments: {'ament_cmake_args': None, 'build_base': '/home/muneeb/RoboFlexv2.0/brainswarm_ws/build/roboflex_moveit_config', 'catkin_cmake_args': None, 'catkin_skip_building_tests': False, 'cmake_args': None, 'cmake_clean_cache': False, 'cmake_clean_first': False, 'cmake_force_configure': False, 'cmake_target': None, 'cmake_target_skip_unavailable': False, 'install_base': '/home/muneeb/RoboFlexv2.0/brainswarm_ws/install/roboflex_moveit_config', 'merge_install': False, 'path': '/home/muneeb/RoboFlexv2.0/brainswarm_ws/src/roboflex_moveit_config', 'symlink_install': False, 'test_result_base': None}
[0.435s] Level 5:colcon.colcon_core.verb:set package 'srdfdom' build argument 'cmake_clean_first' from command line to 'False'
[0.435s] INFO:colcon.colcon_core.executor:Executing jobs using 'parallel' executor
[0.435s] Level 5:colcon.colcon_core.verb:set package 'srdfdom' build argument 'cmake_force_configure' from command line to 'False'
[0.436s] Level 5:colcon.colcon_core.verb:set package 'srdfdom' build argument 'ament_cmake_args' from command line to 'None'
[0.436s] Level 5:colcon.colcon_core.verb:set package 'srdfdom' build argument 'catkin_cmake_args' from command line to 'None'
[0.436s] INFO:colcon.colcon_core.executor:Executing jobs using 'parallel' executor
[0.436s] Level 5:colcon.colcon_core.verb:set package 'srdfdom' build argument 'catkin_skip_building_tests' from command line to 'False'
[0.436s] DEBUG:colcon.colcon_core.verb:Building package 'srdfdom' with the following arguments: {'ament_cmake_args': None, 'build_base': '/home/muneeb/RoboFlexv2.0/brainswarm_ws/build/srdfdom', 'catkin_cmake_args': None, 'catkin_skip_building_tests': False, 'cmake_args': None, 'cmake_clean_cache': False, 'cmake_clean_first': False, 'cmake_force_configure': False, 'cmake_target': None, 'cmake_target_skip_unavailable': False, 'install_base': '/home/muneeb/RoboFlexv2.0/brainswarm_ws/install/srdfdom', 'merge_install': False, 'path': '/home/muneeb/RoboFlexv2.0/brainswarm_ws/src/srdfdom-2.0.4', 'symlink_install': False, 'test_result_base': None}
[0.436s] Level 5:colcon.colcon_core.verb:set package 'roboflex_moveit_config' build argument 'cmake_args' from command line to 'None'
[0.436s] Level 5:colcon.colcon_core.verb:set package 'roboflex_moveit_config' build argument 'cmake_target' from command line to 'None'
[0.436s] Level 5:colcon.colcon_core.verb:set package 'roboflex_moveit_config' build argument 'cmake_target_skip_unavailable' from command line to 'False'
[0.436s] Level 5:colcon.colcon_core.verb:set package 'roboflex_moveit_config' build argument 'cmake_clean_cache' from command line to 'False'
[0.436s] Level 5:colcon.colcon_core.verb:set package 'roboflex_moveit_config' build argument 'cmake_clean_first' from command line to 'False'
[0.436s] Level 5:colcon.colcon_core.verb:set package 'roboflex_moveit_config' build argument 'cmake_force_configure' from command line to 'False'
[0.436s] Level 5:colcon.colcon_core.verb:set package 'roboflex_moveit_config' build argument 'ament_cmake_args' from command line to 'None'
[0.436s] Level 5:colcon.colcon_core.verb:set package 'roboflex_moveit_config' build argument 'catkin_cmake_args' from command line to 'None'
[0.436s] Level 5:colcon.colcon_core.verb:set package 'roboflex_moveit_config' build argument 'catkin_skip_building_tests' from command line to 'False'
[0.436s] DEBUG:colcon.colcon_parallel_executor.executor.parallel:run_until_complete
[0.436s] DEBUG:colcon.colcon_core.verb:Building package 'roboflex_moveit_config' with the following arguments: {'ament_cmake_args': None, 'build_base': '/home/muneeb/RoboFlexv2.0/brainswarm_ws/build/roboflex_moveit_config', 'catkin_cmake_args': None, 'catkin_skip_building_tests': False, 'cmake_args': None, 'cmake_clean_cache': False, 'cmake_clean_first': False, 'cmake_force_configure': False, 'cmake_target': None, 'cmake_target_skip_unavailable': False, 'install_base': '/home/muneeb/RoboFlexv2.0/brainswarm_ws/install/roboflex_moveit_config', 'merge_install': False, 'path': '/home/muneeb/RoboFlexv2.0/brainswarm_ws/src/roboflex_moveit_config', 'symlink_install': False, 'test_result_base': None}
[0.436s] DEBUG:colcon.colcon_parallel_executor.executor.parallel:run_until_complete
[0.436s] INFO:colcon.colcon_core.executor:Executing jobs using 'parallel' executor
[0.436s] INFO:colcon.colcon_ros.task.ament_cmake.build:Building ROS package in '/home/muneeb/RoboFlexv2.0/brainswarm_ws/src/roboflex_description' with build type 'ament_cmake'
[0.436s] INFO:colcon.colcon_cmake.task.cmake.build:Building CMake package in '/home/muneeb/RoboFlexv2.0/brainswarm_ws/src/roboflex_description'
[0.437s] INFO:colcon.colcon_ros.task.ament_cmake.build:Building ROS package in '/home/muneeb/RoboFlexv2.0/brainswarm_ws/src/roboflex_description' with build type 'ament_cmake'
[0.437s] INFO:colcon.colcon_cmake.task.cmake.build:Building CMake package in '/home/muneeb/RoboFlexv2.0/brainswarm_ws/src/roboflex_description'
[0.437s] DEBUG:colcon.colcon_parallel_executor.executor.parallel:run_until_complete
[0.438s] INFO:colcon.colcon_ros.task.ament_cmake.build:Building ROS package in '/home/muneeb/RoboFlexv2.0/brainswarm_ws/src/roboflex_description' with build type 'ament_cmake'
[0.438s] INFO:colcon.colcon_cmake.task.cmake.build:Building CMake package in '/home/muneeb/RoboFlexv2.0/brainswarm_ws/src/roboflex_description'
[0.442s] INFO:colcon.colcon_core.plugin_system:Skipping extension 'colcon_core.shell.bat': Not used on non-Windows systems
[0.442s] INFO:colcon.colcon_core.plugin_system:Skipping extension 'colcon_core.shell.bat': Not used on non-Windows systems
[0.442s] INFO:colcon.colcon_core.plugin_system:Skipping extension 'colcon_core.shell.bat': Not used on non-Windows systems
[0.442s] INFO:colcon.colcon_core.shell:Skip shell extension 'powershell' for command environment: Not usable outside of PowerShell
[0.442s] DEBUG:colcon.colcon_core.shell:Skip shell extension 'dsv' for command environment
[0.442s] INFO:colcon.colcon_core.shell:Skip shell extension 'powershell' for command environment: Not usable outside of PowerShell
[0.442s] INFO:colcon.colcon_core.shell:Skip shell extension 'powershell' for command environment: Not usable outside of PowerShell
[0.442s] DEBUG:colcon.colcon_core.shell:Skip shell extension 'dsv' for command environment
[0.442s] DEBUG:colcon.colcon_core.shell:Skip shell extension 'dsv' for command environment
[0.446s] INFO:colcon.colcon_ros.task.ament_cmake.build:Building ROS package in '/home/muneeb/RoboFlexv2.0/brainswarm_ws/src/bras_robot_description' with build type 'ament_cmake'
[0.446s] INFO:colcon.colcon_cmake.task.cmake.build:Building CMake package in '/home/muneeb/RoboFlexv2.0/brainswarm_ws/src/bras_robot_description'
[0.446s] INFO:colcon.colcon_core.shell:Skip shell extension 'powershell' for command environment: Not usable outside of PowerShell
[0.446s] DEBUG:colcon.colcon_core.shell:Skip shell extension 'dsv' for command environment
[0.448s] INFO:colcon.colcon_ros.task.ament_cmake.build:Building ROS package in '/home/muneeb/RoboFlexv2.0/brainswarm_ws/src/bras_robot_description' with build type 'ament_cmake'
[0.448s] INFO:colcon.colcon_ros.task.ament_cmake.build:Building ROS package in '/home/muneeb/RoboFlexv2.0/brainswarm_ws/src/bras_robot_description' with build type 'ament_cmake'
[0.448s] INFO:colcon.colcon_cmake.task.cmake.build:Building CMake package in '/home/muneeb/RoboFlexv2.0/brainswarm_ws/src/bras_robot_description'
[0.449s] INFO:colcon.colcon_cmake.task.cmake.build:Building CMake package in '/home/muneeb/RoboFlexv2.0/brainswarm_ws/src/bras_robot_description'
[0.449s] INFO:colcon.colcon_core.shell:Skip shell extension 'powershell' for command environment: Not usable outside of PowerShell
[0.449s] DEBUG:colcon.colcon_core.shell:Skip shell extension 'dsv' for command environment
[0.449s] INFO:colcon.colcon_core.shell:Skip shell extension 'powershell' for command environment: Not usable outside of PowerShell
[0.449s] DEBUG:colcon.colcon_core.shell:Skip shell extension 'dsv' for command environment
[0.450s] INFO:colcon.colcon_ros.task.ament_cmake.build:Building ROS package in '/home/muneeb/RoboFlexv2.0/brainswarm_ws/src/dynamixel_hardware' with build type 'ament_cmake'
[0.451s] INFO:colcon.colcon_cmake.task.cmake.build:Building CMake package in '/home/muneeb/RoboFlexv2.0/brainswarm_ws/src/dynamixel_hardware'
[0.451s] INFO:colcon.colcon_core.shell:Skip shell extension 'powershell' for command environment: Not usable outside of PowerShell
[0.451s] DEBUG:colcon.colcon_core.shell:Skip shell extension 'dsv' for command environment
[0.454s] INFO:colcon.colcon_ros.task.ament_cmake.build:Building ROS package in '/home/muneeb/RoboFlexv2.0/brainswarm_ws/src/srdfdom-2.0.4' with build type 'ament_cmake'
[0.454s] INFO:colcon.colcon_ros.task.ament_cmake.build:Building ROS package in '/home/muneeb/RoboFlexv2.0/brainswarm_ws/src/dynamixel_hardware' with build type 'ament_cmake'
[0.454s] INFO:colcon.colcon_ros.task.ament_cmake.build:Building ROS package in '/home/muneeb/RoboFlexv2.0/brainswarm_ws/src/dynamixel_hardware' with build type 'ament_cmake'
[0.454s] INFO:colcon.colcon_cmake.task.cmake.build:Building CMake package in '/home/muneeb/RoboFlexv2.0/brainswarm_ws/src/srdfdom-2.0.4'
[0.455s] INFO:colcon.colcon_cmake.task.cmake.build:Building CMake package in '/home/muneeb/RoboFlexv2.0/brainswarm_ws/src/dynamixel_hardware'
[0.455s] INFO:colcon.colcon_cmake.task.cmake.build:Building CMake package in '/home/muneeb/RoboFlexv2.0/brainswarm_ws/src/dynamixel_hardware'
[0.455s] INFO:colcon.colcon_core.shell:Skip shell extension 'powershell' for command environment: Not usable outside of PowerShell
[0.455s] INFO:colcon.colcon_core.shell:Skip shell extension 'powershell' for command environment: Not usable outside of PowerShell
[0.455s] INFO:colcon.colcon_core.shell:Skip shell extension 'powershell' for command environment: Not usable outside of PowerShell
[0.455s] DEBUG:colcon.colcon_core.shell:Skip shell extension 'dsv' for command environment
[0.455s] DEBUG:colcon.colcon_core.shell:Skip shell extension 'dsv' for command environment
[0.455s] DEBUG:colcon.colcon_core.shell:Skip shell extension 'dsv' for command environment
[0.459s] INFO:colcon.colcon_ros.task.ament_cmake.build:Building ROS package in '/home/muneeb/RoboFlexv2.0/brainswarm_ws/src/srdfdom-2.0.4' with build type 'ament_cmake'
[0.459s] INFO:colcon.colcon_cmake.task.cmake.build:Building CMake package in '/home/muneeb/RoboFlexv2.0/brainswarm_ws/src/srdfdom-2.0.4'
[0.460s] INFO:colcon.colcon_core.shell:Skip shell extension 'powershell' for command environment: Not usable outside of PowerShell
[0.460s] DEBUG:colcon.colcon_core.shell:Skip shell extension 'dsv' for command environment
[0.460s] INFO:colcon.colcon_ros.task.ament_cmake.build:Building ROS package in '/home/muneeb/RoboFlexv2.0/brainswarm_ws/src/srdfdom-2.0.4' with build type 'ament_cmake'
[0.461s] INFO:colcon.colcon_cmake.task.cmake.build:Building CMake package in '/home/muneeb/RoboFlexv2.0/brainswarm_ws/src/srdfdom-2.0.4'
[0.461s] INFO:colcon.colcon_core.shell:Skip shell extension 'powershell' for command environment: Not usable outside of PowerShell
[0.461s] DEBUG:colcon.colcon_core.shell:Skip shell extension 'dsv' for command environment
[0.463s] DEBUG:colcon.colcon_core.event_handler.log_command:Invoking command in '/home/muneeb/RoboFlexv2.0/brainswarm_ws/build/roboflex_description': CMAKE_PREFIX_PATH=${CMAKE_PREFIX_PATH}:/opt/ros/jazzy DEBUGINFOD_URLS=https://debuginfod.neon.kde.org/ https://debuginfod.ubuntu.com/ /usr/bin/cmake /home/muneeb/RoboFlexv2.0/brainswarm_ws/src/roboflex_description -DCMAKE_INSTALL_PREFIX=/home/muneeb/RoboFlexv2.0/brainswarm_ws/install/roboflex_description
[0.466s] DEBUG:colcon.colcon_core.event_handler.log_command:Invoking command in '/home/muneeb/RoboFlexv2.0/brainswarm_ws/build/bras_robot_description': CMAKE_PREFIX_PATH=${CMAKE_PREFIX_PATH}:/opt/ros/jazzy DEBUGINFOD_URLS=https://debuginfod.neon.kde.org/ https://debuginfod.ubuntu.com/ /usr/bin/cmake /home/muneeb/RoboFlexv2.0/brainswarm_ws/src/bras_robot_description -DCMAKE_INSTALL_PREFIX=/home/muneeb/RoboFlexv2.0/brainswarm_ws/install/bras_robot_description
[0.468s] DEBUG:colcon.colcon_core.event_handler.log_command:Invoking command in '/home/muneeb/RoboFlexv2.0/brainswarm_ws/build/roboflex_description': CMAKE_PREFIX_PATH=${CMAKE_PREFIX_PATH}:/opt/ros/jazzy DEBUGINFOD_URLS=https://debuginfod.neon.kde.org/ https://debuginfod.ubuntu.com/ /usr/bin/cmake /home/muneeb/RoboFlexv2.0/brainswarm_ws/src/roboflex_description -DCMAKE_INSTALL_PREFIX=/home/muneeb/RoboFlexv2.0/brainswarm_ws/install/roboflex_description
[0.468s] DEBUG:colcon.colcon_core.event_handler.log_command:Invoking command in '/home/muneeb/RoboFlexv2.0/brainswarm_ws/build/dynamixel_hardware': CMAKE_PREFIX_PATH=${CMAKE_PREFIX_PATH}:/opt/ros/jazzy DEBUGINFOD_URLS=https://debuginfod.neon.kde.org/ https://debuginfod.ubuntu.com/ /usr/bin/cmake /home/muneeb/RoboFlexv2.0/brainswarm_ws/src/dynamixel_hardware -DCMAKE_INSTALL_PREFIX=/home/muneeb/RoboFlexv2.0/brainswarm_ws/install/dynamixel_hardware
[0.471s] DEBUG:colcon.colcon_core.event_handler.log_command:Invoking command in '/home/muneeb/RoboFlexv2.0/brainswarm_ws/build/bras_robot_description': CMAKE_PREFIX_PATH=${CMAKE_PREFIX_PATH}:/opt/ros/jazzy DEBUGINFOD_URLS=https://debuginfod.neon.kde.org/ https://debuginfod.ubuntu.com/ /usr/bin/cmake /home/muneeb/RoboFlexv2.0/brainswarm_ws/src/bras_robot_description -DCMAKE_INSTALL_PREFIX=/home/muneeb/RoboFlexv2.0/brainswarm_ws/install/bras_robot_description
[0.473s] DEBUG:colcon.colcon_core.event_handler.log_command:Invoking command in '/home/muneeb/RoboFlexv2.0/brainswarm_ws/build/dynamixel_hardware': CMAKE_PREFIX_PATH=${CMAKE_PREFIX_PATH}:/opt/ros/jazzy DEBUGINFOD_URLS=https://debuginfod.neon.kde.org/ https://debuginfod.ubuntu.com/ /usr/bin/cmake /home/muneeb/RoboFlexv2.0/brainswarm_ws/src/dynamixel_hardware -DCMAKE_INSTALL_PREFIX=/home/muneeb/RoboFlexv2.0/brainswarm_ws/install/dynamixel_hardware
[0.473s] DEBUG:colcon.colcon_core.event_handler.log_command:Invoking command in '/home/muneeb/RoboFlexv2.0/brainswarm_ws/build/roboflex_description': CMAKE_PREFIX_PATH=${CMAKE_PREFIX_PATH}:/opt/ros/jazzy DEBUGINFOD_URLS=https://debuginfod.neon.kde.org/ https://debuginfod.ubuntu.com/ /usr/bin/cmake /home/muneeb/RoboFlexv2.0/brainswarm_ws/src/roboflex_description -DCMAKE_INSTALL_PREFIX=/home/muneeb/RoboFlexv2.0/brainswarm_ws/install/roboflex_description
[0.474s] DEBUG:colcon.colcon_core.event_handler.log_command:Invoking command in '/home/muneeb/RoboFlexv2.0/brainswarm_ws/build/bras_robot_description': CMAKE_PREFIX_PATH=${CMAKE_PREFIX_PATH}:/opt/ros/jazzy DEBUGINFOD_URLS=https://debuginfod.neon.kde.org/ https://debuginfod.ubuntu.com/ /usr/bin/cmake /home/muneeb/RoboFlexv2.0/brainswarm_ws/src/bras_robot_description -DCMAKE_INSTALL_PREFIX=/home/muneeb/RoboFlexv2.0/brainswarm_ws/install/bras_robot_description
[0.476s] DEBUG:colcon.colcon_core.event_handler.log_command:Invoking command in '/home/muneeb/RoboFlexv2.0/brainswarm_ws/build/srdfdom': CMAKE_PREFIX_PATH=${CMAKE_PREFIX_PATH}:/opt/ros/jazzy DEBUGINFOD_URLS=https://debuginfod.neon.kde.org/ https://debuginfod.ubuntu.com/ /usr/bin/cmake /home/muneeb/RoboFlexv2.0/brainswarm_ws/src/srdfdom-2.0.4 -DCMAKE_INSTALL_PREFIX=/home/muneeb/RoboFlexv2.0/brainswarm_ws/install/srdfdom
[0.490s] DEBUG:colcon.colcon_core.event_handler.log_command:Invoking command in '/home/muneeb/RoboFlexv2.0/brainswarm_ws/build/dynamixel_hardware': CMAKE_PREFIX_PATH=${CMAKE_PREFIX_PATH}:/opt/ros/jazzy DEBUGINFOD_URLS=https://debuginfod.neon.kde.org/ https://debuginfod.ubuntu.com/ /usr/bin/cmake /home/muneeb/RoboFlexv2.0/brainswarm_ws/src/dynamixel_hardware -DCMAKE_INSTALL_PREFIX=/home/muneeb/RoboFlexv2.0/brainswarm_ws/install/dynamixel_hardware
[0.492s] DEBUG:colcon.colcon_core.event_handler.log_command:Invoking command in '/home/muneeb/RoboFlexv2.0/brainswarm_ws/build/srdfdom': CMAKE_PREFIX_PATH=${CMAKE_PREFIX_PATH}:/opt/ros/jazzy DEBUGINFOD_URLS=https://debuginfod.neon.kde.org/ https://debuginfod.ubuntu.com/ /usr/bin/cmake /home/muneeb/RoboFlexv2.0/brainswarm_ws/src/srdfdom-2.0.4 -DCMAKE_INSTALL_PREFIX=/home/muneeb/RoboFlexv2.0/brainswarm_ws/install/srdfdom
[0.494s] DEBUG:colcon.colcon_core.event_handler.log_command:Invoking command in '/home/muneeb/RoboFlexv2.0/brainswarm_ws/build/srdfdom': CMAKE_PREFIX_PATH=${CMAKE_PREFIX_PATH}:/opt/ros/jazzy DEBUGINFOD_URLS=https://debuginfod.neon.kde.org/ https://debuginfod.ubuntu.com/ /usr/bin/cmake /home/muneeb/RoboFlexv2.0/brainswarm_ws/src/srdfdom-2.0.4 -DCMAKE_INSTALL_PREFIX=/home/muneeb/RoboFlexv2.0/brainswarm_ws/install/srdfdom
[3.219s] DEBUG:colcon.colcon_core.event_handler.log_command:Invoked command in '/home/muneeb/RoboFlexv2.0/brainswarm_ws/build/roboflex_description' returned '0': CMAKE_PREFIX_PATH=${CMAKE_PREFIX_PATH}:/opt/ros/jazzy DEBUGINFOD_URLS=https://debuginfod.neon.kde.org/ https://debuginfod.ubuntu.com/ /usr/bin/cmake /home/muneeb/RoboFlexv2.0/brainswarm_ws/src/roboflex_description -DCMAKE_INSTALL_PREFIX=/home/muneeb/RoboFlexv2.0/brainswarm_ws/install/roboflex_description
[3.222s] DEBUG:colcon.colcon_core.event_handler.log_command:Invoking command in '/home/muneeb/RoboFlexv2.0/brainswarm_ws/build/roboflex_description': CMAKE_PREFIX_PATH=${CMAKE_PREFIX_PATH}:/opt/ros/jazzy DEBUGINFOD_URLS=https://debuginfod.neon.kde.org/ https://debuginfod.ubuntu.com/ /usr/bin/cmake --build /home/muneeb/RoboFlexv2.0/brainswarm_ws/build/roboflex_description -- -j8 -l8
[3.222s] DEBUG:colcon.colcon_core.event_handler.log_command:Invoked command in '/home/muneeb/RoboFlexv2.0/brainswarm_ws/build/roboflex_description' returned '0': CMAKE_PREFIX_PATH=${CMAKE_PREFIX_PATH}:/opt/ros/jazzy DEBUGINFOD_URLS=https://debuginfod.neon.kde.org/ https://debuginfod.ubuntu.com/ /usr/bin/cmake /home/muneeb/RoboFlexv2.0/brainswarm_ws/src/roboflex_description -DCMAKE_INSTALL_PREFIX=/home/muneeb/RoboFlexv2.0/brainswarm_ws/install/roboflex_description
[3.223s] DEBUG:colcon.colcon_core.event_handler.log_command:Invoking command in '/home/muneeb/RoboFlexv2.0/brainswarm_ws/build/roboflex_description': CMAKE_PREFIX_PATH=${CMAKE_PREFIX_PATH}:/opt/ros/jazzy DEBUGINFOD_URLS=https://debuginfod.neon.kde.org/ https://debuginfod.ubuntu.com/ /usr/bin/cmake --build /home/muneeb/RoboFlexv2.0/brainswarm_ws/build/roboflex_description -- -j8 -l8
[3.254s] DEBUG:colcon.colcon_core.event_handler.log_command:Invoked command in '/home/muneeb/RoboFlexv2.0/brainswarm_ws/build/bras_robot_description' returned '0': CMAKE_PREFIX_PATH=${CMAKE_PREFIX_PATH}:/opt/ros/jazzy DEBUGINFOD_URLS=https://debuginfod.neon.kde.org/ https://debuginfod.ubuntu.com/ /usr/bin/cmake /home/muneeb/RoboFlexv2.0/brainswarm_ws/src/bras_robot_description -DCMAKE_INSTALL_PREFIX=/home/muneeb/RoboFlexv2.0/brainswarm_ws/install/bras_robot_description
[3.255s] DEBUG:colcon.colcon_core.event_handler.log_command:Invoking command in '/home/muneeb/RoboFlexv2.0/brainswarm_ws/build/bras_robot_description': CMAKE_PREFIX_PATH=${CMAKE_PREFIX_PATH}:/opt/ros/jazzy DEBUGINFOD_URLS=https://debuginfod.neon.kde.org/ https://debuginfod.ubuntu.com/ /usr/bin/cmake --build /home/muneeb/RoboFlexv2.0/brainswarm_ws/build/bras_robot_description -- -j8 -l8
[3.266s] DEBUG:colcon.colcon_core.event_handler.log_command:Invoked command in '/home/muneeb/RoboFlexv2.0/brainswarm_ws/build/roboflex_description' returned '0': CMAKE_PREFIX_PATH=${CMAKE_PREFIX_PATH}:/opt/ros/jazzy DEBUGINFOD_URLS=https://debuginfod.neon.kde.org/ https://debuginfod.ubuntu.com/ /usr/bin/cmake /home/muneeb/RoboFlexv2.0/brainswarm_ws/src/roboflex_description -DCMAKE_INSTALL_PREFIX=/home/muneeb/RoboFlexv2.0/brainswarm_ws/install/roboflex_description
[3.269s] DEBUG:colcon.colcon_core.event_handler.log_command:Invoking command in '/home/muneeb/RoboFlexv2.0/brainswarm_ws/build/roboflex_description': CMAKE_PREFIX_PATH=${CMAKE_PREFIX_PATH}:/opt/ros/jazzy DEBUGINFOD_URLS=https://debuginfod.neon.kde.org/ https://debuginfod.ubuntu.com/ /usr/bin/cmake --build /home/muneeb/RoboFlexv2.0/brainswarm_ws/build/roboflex_description -- -j8 -l8
[3.274s] Level 1:colcon.colcon_core.environment:create_environment_scripts_only(bras_robot_description)
[3.275s] DEBUG:colcon.colcon_core.event_handler.log_command:Invoked command in '/home/muneeb/RoboFlexv2.0/brainswarm_ws/build/bras_robot_description' returned '1': CMAKE_PREFIX_PATH=${CMAKE_PREFIX_PATH}:/opt/ros/jazzy DEBUGINFOD_URLS=https://debuginfod.neon.kde.org/ https://debuginfod.ubuntu.com/ /usr/bin/cmake /home/muneeb/RoboFlexv2.0/brainswarm_ws/src/bras_robot_description -DCMAKE_INSTALL_PREFIX=/home/muneeb/RoboFlexv2.0/brainswarm_ws/install/bras_robot_description
[3.295s] Level 1:colcon.colcon_core.environment:checking '/home/muneeb/RoboFlexv2.0/brainswarm_ws/install/bras_robot_description' for CMake module files
[3.295s] Level 1:colcon.colcon_core.environment:checking '/home/muneeb/RoboFlexv2.0/brainswarm_ws/install/bras_robot_description' for CMake config files
[3.298s] Level 1:colcon.colcon_core.environment:create_environment_scripts_only(bras_robot_description)
[3.300s] DEBUG:colcon.colcon_core.event_handler.log_command:Invoked command in '/home/muneeb/RoboFlexv2.0/brainswarm_ws/build/bras_robot_description' returned '2': CMAKE_PREFIX_PATH=${CMAKE_PREFIX_PATH}:/opt/ros/jazzy DEBUGINFOD_URLS=https://debuginfod.neon.kde.org/ https://debuginfod.ubuntu.com/ /usr/bin/cmake --build /home/muneeb/RoboFlexv2.0/brainswarm_ws/build/bras_robot_description -- -j8 -l8
[3.308s] Level 1:colcon.colcon_core.environment:checking '/home/muneeb/RoboFlexv2.0/brainswarm_ws/install/bras_robot_description/bin'
[3.308s] Level 1:colcon.colcon_core.environment:checking '/home/muneeb/RoboFlexv2.0/brainswarm_ws/install/bras_robot_description/lib/pkgconfig/bras_robot_description.pc'
[3.309s] Level 1:colcon.colcon_core.environment:checking '/home/muneeb/RoboFlexv2.0/brainswarm_ws/install/bras_robot_description/lib/python3.12/site-packages'
[3.309s] Level 1:colcon.colcon_core.environment:checking '/home/muneeb/RoboFlexv2.0/brainswarm_ws/install/bras_robot_description' for CMake module files
[3.309s] Level 1:colcon.colcon_core.environment:checking '/home/muneeb/RoboFlexv2.0/brainswarm_ws/install/bras_robot_description/bin'
[3.309s] Level 1:colcon.colcon_core.environment:checking '/home/muneeb/RoboFlexv2.0/brainswarm_ws/install/bras_robot_description' for CMake config files
[3.310s] INFO:colcon.colcon_core.shell:Creating package script '/home/muneeb/RoboFlexv2.0/brainswarm_ws/install/bras_robot_description/share/bras_robot_description/package.ps1'
[3.310s] Level 1:colcon.colcon_core.environment:checking '/home/muneeb/RoboFlexv2.0/brainswarm_ws/install/bras_robot_description/bin'
[3.310s] Level 1:colcon.colcon_core.environment:checking '/home/muneeb/RoboFlexv2.0/brainswarm_ws/install/bras_robot_description/lib/pkgconfig/bras_robot_description.pc'
[3.311s] Level 1:colcon.colcon_core.environment:checking '/home/muneeb/RoboFlexv2.0/brainswarm_ws/install/bras_robot_description/lib/python3.12/site-packages'
[3.311s] Level 1:colcon.colcon_core.environment:checking '/home/muneeb/RoboFlexv2.0/brainswarm_ws/install/bras_robot_description/bin'
[3.311s] INFO:colcon.colcon_core.shell:Creating package script '/home/muneeb/RoboFlexv2.0/brainswarm_ws/install/bras_robot_description/share/bras_robot_description/package.ps1'
[3.316s] INFO:colcon.colcon_core.shell:Creating package descriptor '/home/muneeb/RoboFlexv2.0/brainswarm_ws/install/bras_robot_description/share/bras_robot_description/package.dsv'
[3.318s] INFO:colcon.colcon_core.shell:Creating package script '/home/muneeb/RoboFlexv2.0/brainswarm_ws/install/bras_robot_description/share/bras_robot_description/package.sh'
[3.318s] INFO:colcon.colcon_core.shell:Creating package descriptor '/home/muneeb/RoboFlexv2.0/brainswarm_ws/install/bras_robot_description/share/bras_robot_description/package.dsv'
[3.320s] INFO:colcon.colcon_core.shell:Creating package script '/home/muneeb/RoboFlexv2.0/brainswarm_ws/install/bras_robot_description/share/bras_robot_description/package.sh'
[3.321s] DEBUG:colcon.colcon_core.event_handler.log_command:Invoked command in '/home/muneeb/RoboFlexv2.0/brainswarm_ws/build/roboflex_description' returned '0': CMAKE_PREFIX_PATH=${CMAKE_PREFIX_PATH}:/opt/ros/jazzy DEBUGINFOD_URLS=https://debuginfod.neon.kde.org/ https://debuginfod.ubuntu.com/ /usr/bin/cmake --build /home/muneeb/RoboFlexv2.0/brainswarm_ws/build/roboflex_description -- -j8 -l8
[3.321s] INFO:colcon.colcon_core.shell:Creating package script '/home/muneeb/RoboFlexv2.0/brainswarm_ws/install/bras_robot_description/share/bras_robot_description/package.bash'
[3.329s] INFO:colcon.colcon_core.shell:Creating package script '/home/muneeb/RoboFlexv2.0/brainswarm_ws/install/bras_robot_description/share/bras_robot_description/package.zsh'
[3.330s] INFO:colcon.colcon_core.shell:Creating package script '/home/muneeb/RoboFlexv2.0/brainswarm_ws/install/bras_robot_description/share/bras_robot_description/package.bash'
[3.332s] Level 1:colcon.colcon_core.environment:create_file_with_runtime_dependencies(/home/muneeb/RoboFlexv2.0/brainswarm_ws/install/bras_robot_description/share/colcon-core/packages/bras_robot_description)
[3.333s] INFO:colcon.colcon_core.shell:Creating package script '/home/muneeb/RoboFlexv2.0/brainswarm_ws/install/bras_robot_description/share/bras_robot_description/package.zsh'
[3.334s] Level 1:colcon.colcon_core.environment:create_file_with_runtime_dependencies(/home/muneeb/RoboFlexv2.0/brainswarm_ws/install/bras_robot_description/share/colcon-core/packages/bras_robot_description)
[3.367s] DEBUG:colcon.colcon_core.event_handler.log_command:Invoking command in '/home/muneeb/RoboFlexv2.0/brainswarm_ws/build/roboflex_description': CMAKE_PREFIX_PATH=${CMAKE_PREFIX_PATH}:/opt/ros/jazzy DEBUGINFOD_URLS=https://debuginfod.neon.kde.org/ https://debuginfod.ubuntu.com/ /usr/bin/cmake --install /home/muneeb/RoboFlexv2.0/brainswarm_ws/build/roboflex_description
[3.377s] DEBUG:colcon.colcon_core.event_handler.log_command:Invoked command in '/home/muneeb/RoboFlexv2.0/brainswarm_ws/build/bras_robot_description' returned '0': CMAKE_PREFIX_PATH=${CMAKE_PREFIX_PATH}:/opt/ros/jazzy DEBUGINFOD_URLS=https://debuginfod.neon.kde.org/ https://debuginfod.ubuntu.com/ /usr/bin/cmake /home/muneeb/RoboFlexv2.0/brainswarm_ws/src/bras_robot_description -DCMAKE_INSTALL_PREFIX=/home/muneeb/RoboFlexv2.0/brainswarm_ws/install/bras_robot_description
[3.378s] DEBUG:colcon.colcon_core.event_handler.log_command:Invoking command in '/home/muneeb/RoboFlexv2.0/brainswarm_ws/build/bras_robot_description': CMAKE_PREFIX_PATH=${CMAKE_PREFIX_PATH}:/opt/ros/jazzy DEBUGINFOD_URLS=https://debuginfod.neon.kde.org/ https://debuginfod.ubuntu.com/ /usr/bin/cmake --build /home/muneeb/RoboFlexv2.0/brainswarm_ws/build/bras_robot_description -- -j8 -l8
[3.414s] Level 1:colcon.colcon_core.environment:create_environment_scripts_only(roboflex_description)
[3.415s] DEBUG:colcon.colcon_core.event_handler.log_command:Invoked command in '/home/muneeb/RoboFlexv2.0/brainswarm_ws/build/roboflex_description' returned '0': CMAKE_PREFIX_PATH=${CMAKE_PREFIX_PATH}:/opt/ros/jazzy DEBUGINFOD_URLS=https://debuginfod.neon.kde.org/ https://debuginfod.ubuntu.com/ /usr/bin/cmake --install /home/muneeb/RoboFlexv2.0/brainswarm_ws/build/roboflex_description
[3.418s] Level 1:colcon.colcon_core.environment:checking '/home/muneeb/RoboFlexv2.0/brainswarm_ws/install/roboflex_description' for CMake module files
[3.419s] Level 1:colcon.colcon_core.environment:checking '/home/muneeb/RoboFlexv2.0/brainswarm_ws/install/roboflex_description' for CMake config files
[3.419s] Level 1:colcon.colcon_core.shell:create_environment_hook('roboflex_description', 'cmake_prefix_path')
[3.420s] INFO:colcon.colcon_core.shell:Creating environment hook '/home/muneeb/RoboFlexv2.0/brainswarm_ws/install/roboflex_description/share/roboflex_description/hook/cmake_prefix_path.ps1'
[3.422s] INFO:colcon.colcon_core.shell:Creating environment descriptor '/home/muneeb/RoboFlexv2.0/brainswarm_ws/install/roboflex_description/share/roboflex_description/hook/cmake_prefix_path.dsv'
[3.423s] INFO:colcon.colcon_core.shell:Creating environment hook '/home/muneeb/RoboFlexv2.0/brainswarm_ws/install/roboflex_description/share/roboflex_description/hook/cmake_prefix_path.sh'
[3.424s] Level 1:colcon.colcon_core.environment:checking '/home/muneeb/RoboFlexv2.0/brainswarm_ws/install/roboflex_description/lib'
[3.425s] Level 1:colcon.colcon_core.environment:checking '/home/muneeb/RoboFlexv2.0/brainswarm_ws/install/roboflex_description/bin'
[3.425s] Level 1:colcon.colcon_core.environment:checking '/home/muneeb/RoboFlexv2.0/brainswarm_ws/install/roboflex_description/lib/pkgconfig/roboflex_description.pc'
[3.425s] Level 1:colcon.colcon_core.environment:checking '/home/muneeb/RoboFlexv2.0/brainswarm_ws/install/roboflex_description/lib/python3.12/site-packages'
[3.426s] Level 1:colcon.colcon_core.environment:checking '/home/muneeb/RoboFlexv2.0/brainswarm_ws/install/roboflex_description/bin'
[3.426s] INFO:colcon.colcon_core.shell:Creating package script '/home/muneeb/RoboFlexv2.0/brainswarm_ws/install/roboflex_description/share/roboflex_description/package.ps1'
[3.427s] INFO:colcon.colcon_core.shell:Creating package descriptor '/home/muneeb/RoboFlexv2.0/brainswarm_ws/install/roboflex_description/share/roboflex_description/package.dsv'
[3.428s] INFO:colcon.colcon_core.shell:Creating package script '/home/muneeb/RoboFlexv2.0/brainswarm_ws/install/roboflex_description/share/roboflex_description/package.sh'
[3.429s] INFO:colcon.colcon_core.shell:Creating package script '/home/muneeb/RoboFlexv2.0/brainswarm_ws/install/roboflex_description/share/roboflex_description/package.bash'
[3.430s] INFO:colcon.colcon_core.shell:Creating package script '/home/muneeb/RoboFlexv2.0/brainswarm_ws/install/roboflex_description/share/roboflex_description/package.zsh'
[3.431s] Level 1:colcon.colcon_core.environment:create_file_with_runtime_dependencies(/home/muneeb/RoboFlexv2.0/brainswarm_ws/install/roboflex_description/share/colcon-core/packages/roboflex_description)
[3.432s] Level 1:colcon.colcon_core.environment:create_environment_scripts_only(roboflex_description)
[3.433s] Level 1:colcon.colcon_core.environment:checking '/home/muneeb/RoboFlexv2.0/brainswarm_ws/install/roboflex_description' for CMake module files
[3.434s] Level 1:colcon.colcon_core.environment:checking '/home/muneeb/RoboFlexv2.0/brainswarm_ws/install/roboflex_description' for CMake config files
[3.434s] Level 1:colcon.colcon_core.shell:create_environment_hook('roboflex_description', 'cmake_prefix_path')
[3.435s] INFO:colcon.colcon_core.shell:Creating environment hook '/home/muneeb/RoboFlexv2.0/brainswarm_ws/install/roboflex_description/share/roboflex_description/hook/cmake_prefix_path.ps1'
[3.435s] INFO:colcon.colcon_core.shell:Creating environment descriptor '/home/muneeb/RoboFlexv2.0/brainswarm_ws/install/roboflex_description/share/roboflex_description/hook/cmake_prefix_path.dsv'
[3.436s] INFO:colcon.colcon_core.shell:Creating environment hook '/home/muneeb/RoboFlexv2.0/brainswarm_ws/install/roboflex_description/share/roboflex_description/hook/cmake_prefix_path.sh'
[3.437s] Level 1:colcon.colcon_core.environment:checking '/home/muneeb/RoboFlexv2.0/brainswarm_ws/install/roboflex_description/lib'
[3.438s] Level 1:colcon.colcon_core.environment:checking '/home/muneeb/RoboFlexv2.0/brainswarm_ws/install/roboflex_description/bin'
[3.438s] Level 1:colcon.colcon_core.environment:checking '/home/muneeb/RoboFlexv2.0/brainswarm_ws/install/roboflex_description/lib/pkgconfig/roboflex_description.pc'
[3.438s] Level 1:colcon.colcon_core.environment:checking '/home/muneeb/RoboFlexv2.0/brainswarm_ws/install/roboflex_description/lib/python3.12/site-packages'
[3.439s] Level 1:colcon.colcon_core.environment:checking '/home/muneeb/RoboFlexv2.0/brainswarm_ws/install/roboflex_description/bin'
[3.439s] INFO:colcon.colcon_core.shell:Creating package script '/home/muneeb/RoboFlexv2.0/brainswarm_ws/install/roboflex_description/share/roboflex_description/package.ps1'
[3.440s] INFO:colcon.colcon_core.shell:Creating package descriptor '/home/muneeb/RoboFlexv2.0/brainswarm_ws/install/roboflex_description/share/roboflex_description/package.dsv'
[3.441s] INFO:colcon.colcon_core.shell:Creating package script '/home/muneeb/RoboFlexv2.0/brainswarm_ws/install/roboflex_description/share/roboflex_description/package.sh'
[3.442s] INFO:colcon.colcon_core.shell:Creating package script '/home/muneeb/RoboFlexv2.0/brainswarm_ws/install/roboflex_description/share/roboflex_description/package.bash'
[3.442s] INFO:colcon.colcon_core.shell:Creating package script '/home/muneeb/RoboFlexv2.0/brainswarm_ws/install/roboflex_description/share/roboflex_description/package.zsh'
[3.443s] Level 1:colcon.colcon_core.environment:create_file_with_runtime_dependencies(/home/muneeb/RoboFlexv2.0/brainswarm_ws/install/roboflex_description/share/colcon-core/packages/roboflex_description)
[3.444s] INFO:colcon.colcon_ros.task.ament_cmake.build:Building ROS package in '/home/muneeb/RoboFlexv2.0/brainswarm_ws/src/roboflex_moveit_config' with build type 'ament_cmake'
[3.444s] INFO:colcon.colcon_cmake.task.cmake.build:Building CMake package in '/home/muneeb/RoboFlexv2.0/brainswarm_ws/src/roboflex_moveit_config'
[3.444s] INFO:colcon.colcon_core.shell:Skip shell extension 'powershell' for command environment: Not usable outside of PowerShell
[3.445s] DEBUG:colcon.colcon_core.shell:Skip shell extension 'dsv' for command environment
[3.459s] DEBUG:colcon.colcon_core.event_handler.log_command:Invoking command in '/home/muneeb/RoboFlexv2.0/brainswarm_ws/build/roboflex_moveit_config': AMENT_PREFIX_PATH=/home/muneeb/RoboFlexv2.0/brainswarm_ws/install/roboflex_description:${AMENT_PREFIX_PATH} CMAKE_PREFIX_PATH=/home/muneeb/RoboFlexv2.0/brainswarm_ws/install/roboflex_description:/opt/ros/jazzy/opt/gz_sim_vendor:/opt/ros/jazzy/opt/gz_sensors_vendor:/opt/ros/jazzy/opt/gz_physics_vendor:/opt/ros/jazzy/opt/sdformat_vendor:/opt/ros/jazzy/opt/gz_gui_vendor:/opt/ros/jazzy/opt/gz_transport_vendor:/opt/ros/jazzy/opt/gz_rendering_vendor:/opt/ros/jazzy/opt/gz_plugin_vendor:/opt/ros/jazzy/opt/gz_fuel_tools_vendor:/opt/ros/jazzy/opt/gz_msgs_vendor:/opt/ros/jazzy/opt/gz_common_vendor:/opt/ros/jazzy/opt/gz_math_vendor:/opt/ros/jazzy/opt/gz_utils_vendor:/opt/ros/jazzy/opt/gz_tools_vendor:/opt/ros/jazzy/opt/gz_ogre_next_vendor:/opt/ros/jazzy/opt/gz_dartsim_vendor:/opt/ros/jazzy/opt/gz_cmake_vendor:/opt/ros/jazzy DEBUGINFOD_URLS=https://debuginfod.neon.kde.org/ https://debuginfod.ubuntu.com/ /usr/bin/cmake /home/muneeb/RoboFlexv2.0/brainswarm_ws/src/roboflex_moveit_config -DCMAKE_INSTALL_PREFIX=/home/muneeb/RoboFlexv2.0/brainswarm_ws/install/roboflex_moveit_config
[3.464s] DEBUG:colcon.colcon_core.event_handler.log_command:Invoked command in '/home/muneeb/RoboFlexv2.0/brainswarm_ws/build/bras_robot_description' returned '0': CMAKE_PREFIX_PATH=${CMAKE_PREFIX_PATH}:/opt/ros/jazzy DEBUGINFOD_URLS=https://debuginfod.neon.kde.org/ https://debuginfod.ubuntu.com/ /usr/bin/cmake --build /home/muneeb/RoboFlexv2.0/brainswarm_ws/build/bras_robot_description -- -j8 -l8
[3.465s] DEBUG:colcon.colcon_core.event_handler.log_command:Invoking command in '/home/muneeb/RoboFlexv2.0/brainswarm_ws/build/bras_robot_description': CMAKE_PREFIX_PATH=${CMAKE_PREFIX_PATH}:/opt/ros/jazzy DEBUGINFOD_URLS=https://debuginfod.neon.kde.org/ https://debuginfod.ubuntu.com/ /usr/bin/cmake --install /home/muneeb/RoboFlexv2.0/brainswarm_ws/build/bras_robot_description
[3.546s] Level 1:colcon.colcon_core.environment:create_environment_scripts_only(bras_robot_description)
[3.547s] Level 1:colcon.colcon_core.environment:checking '/home/muneeb/RoboFlexv2.0/brainswarm_ws/install/bras_robot_description' for CMake module files
[3.548s] DEBUG:colcon.colcon_core.event_handler.log_command:Invoked command in '/home/muneeb/RoboFlexv2.0/brainswarm_ws/build/bras_robot_description' returned '0': CMAKE_PREFIX_PATH=${CMAKE_PREFIX_PATH}:/opt/ros/jazzy DEBUGINFOD_URLS=https://debuginfod.neon.kde.org/ https://debuginfod.ubuntu.com/ /usr/bin/cmake --install /home/muneeb/RoboFlexv2.0/brainswarm_ws/build/bras_robot_description
[3.548s] Level 1:colcon.colcon_core.environment:checking '/home/muneeb/RoboFlexv2.0/brainswarm_ws/install/bras_robot_description' for CMake config files
[3.549s] Level 1:colcon.colcon_core.shell:create_environment_hook('bras_robot_description', 'cmake_prefix_path')
[3.549s] INFO:colcon.colcon_core.shell:Creating environment hook '/home/muneeb/RoboFlexv2.0/brainswarm_ws/install/bras_robot_description/share/bras_robot_description/hook/cmake_prefix_path.ps1'
[3.550s] INFO:colcon.colcon_core.shell:Creating environment descriptor '/home/muneeb/RoboFlexv2.0/brainswarm_ws/install/bras_robot_description/share/bras_robot_description/hook/cmake_prefix_path.dsv'
[3.551s] INFO:colcon.colcon_core.shell:Creating environment hook '/home/muneeb/RoboFlexv2.0/brainswarm_ws/install/bras_robot_description/share/bras_robot_description/hook/cmake_prefix_path.sh'
[3.552s] Level 1:colcon.colcon_core.environment:checking '/home/muneeb/RoboFlexv2.0/brainswarm_ws/install/bras_robot_description/bin'
[3.552s] Level 1:colcon.colcon_core.environment:checking '/home/muneeb/RoboFlexv2.0/brainswarm_ws/install/bras_robot_description/lib/pkgconfig/bras_robot_description.pc'
[3.552s] Level 1:colcon.colcon_core.environment:checking '/home/muneeb/RoboFlexv2.0/brainswarm_ws/install/bras_robot_description/lib/python3.12/site-packages'
[3.553s] Level 1:colcon.colcon_core.environment:checking '/home/muneeb/RoboFlexv2.0/brainswarm_ws/install/bras_robot_description/bin'
[3.553s] INFO:colcon.colcon_core.shell:Creating package script '/home/muneeb/RoboFlexv2.0/brainswarm_ws/install/bras_robot_description/share/bras_robot_description/package.ps1'
[3.554s] INFO:colcon.colcon_core.shell:Creating package descriptor '/home/muneeb/RoboFlexv2.0/brainswarm_ws/install/bras_robot_description/share/bras_robot_description/package.dsv'
[3.555s] INFO:colcon.colcon_core.shell:Creating package script '/home/muneeb/RoboFlexv2.0/brainswarm_ws/install/bras_robot_description/share/bras_robot_description/package.sh'
[3.555s] INFO:colcon.colcon_core.shell:Creating package script '/home/muneeb/RoboFlexv2.0/brainswarm_ws/install/bras_robot_description/share/bras_robot_description/package.bash'
[3.556s] INFO:colcon.colcon_core.shell:Creating package script '/home/muneeb/RoboFlexv2.0/brainswarm_ws/install/bras_robot_description/share/bras_robot_description/package.zsh'
[3.556s] Level 1:colcon.colcon_core.environment:create_file_with_runtime_dependencies(/home/muneeb/RoboFlexv2.0/brainswarm_ws/install/bras_robot_description/share/colcon-core/packages/bras_robot_description)
[3.557s] Level 1:colcon.colcon_core.environment:create_environment_scripts_only(bras_robot_description)
[3.558s] Level 1:colcon.colcon_core.environment:checking '/home/muneeb/RoboFlexv2.0/brainswarm_ws/install/bras_robot_description' for CMake module files
[3.559s] Level 1:colcon.colcon_core.environment:checking '/home/muneeb/RoboFlexv2.0/brainswarm_ws/install/bras_robot_description' for CMake config files
[3.559s] Level 1:colcon.colcon_core.shell:create_environment_hook('bras_robot_description', 'cmake_prefix_path')
[3.559s] INFO:colcon.colcon_core.shell:Creating environment hook '/home/muneeb/RoboFlexv2.0/brainswarm_ws/install/bras_robot_description/share/bras_robot_description/hook/cmake_prefix_path.ps1'
[3.560s] INFO:colcon.colcon_core.shell:Creating environment descriptor '/home/muneeb/RoboFlexv2.0/brainswarm_ws/install/bras_robot_description/share/bras_robot_description/hook/cmake_prefix_path.dsv'
[3.561s] INFO:colcon.colcon_core.shell:Creating environment hook '/home/muneeb/RoboFlexv2.0/brainswarm_ws/install/bras_robot_description/share/bras_robot_description/hook/cmake_prefix_path.sh'
[3.562s] Level 1:colcon.colcon_core.environment:checking '/home/muneeb/RoboFlexv2.0/brainswarm_ws/install/bras_robot_description/bin'
[3.562s] Level 1:colcon.colcon_core.environment:checking '/home/muneeb/RoboFlexv2.0/brainswarm_ws/install/bras_robot_description/lib/pkgconfig/bras_robot_description.pc'
[3.562s] Level 1:colcon.colcon_core.environment:checking '/home/muneeb/RoboFlexv2.0/brainswarm_ws/install/bras_robot_description/lib/python3.12/site-packages'
[3.562s] Level 1:colcon.colcon_core.environment:checking '/home/muneeb/RoboFlexv2.0/brainswarm_ws/install/bras_robot_description/bin'
[3.563s] INFO:colcon.colcon_core.shell:Creating package script '/home/muneeb/RoboFlexv2.0/brainswarm_ws/install/bras_robot_description/share/bras_robot_description/package.ps1'
[3.564s] INFO:colcon.colcon_core.shell:Creating package descriptor '/home/muneeb/RoboFlexv2.0/brainswarm_ws/install/bras_robot_description/share/bras_robot_description/package.dsv'
[3.565s] INFO:colcon.colcon_core.shell:Creating package script '/home/muneeb/RoboFlexv2.0/brainswarm_ws/install/bras_robot_description/share/bras_robot_description/package.sh'
[3.565s] INFO:colcon.colcon_core.shell:Creating package script '/home/muneeb/RoboFlexv2.0/brainswarm_ws/install/bras_robot_description/share/bras_robot_description/package.bash'
[3.566s] INFO:colcon.colcon_core.shell:Creating package script '/home/muneeb/RoboFlexv2.0/brainswarm_ws/install/bras_robot_description/share/bras_robot_description/package.zsh'
[3.567s] Level 1:colcon.colcon_core.environment:create_file_with_runtime_dependencies(/home/muneeb/RoboFlexv2.0/brainswarm_ws/install/bras_robot_description/share/colcon-core/packages/bras_robot_description)
[5.014s] DEBUG:colcon.colcon_core.event_handler.log_command:Invoked command in '/home/muneeb/RoboFlexv2.0/brainswarm_ws/build/roboflex_moveit_config' returned '0': AMENT_PREFIX_PATH=/home/muneeb/RoboFlexv2.0/brainswarm_ws/install/roboflex_description:${AMENT_PREFIX_PATH} CMAKE_PREFIX_PATH=/home/muneeb/RoboFlexv2.0/brainswarm_ws/install/roboflex_description:/opt/ros/jazzy/opt/gz_sim_vendor:/opt/ros/jazzy/opt/gz_sensors_vendor:/opt/ros/jazzy/opt/gz_physics_vendor:/opt/ros/jazzy/opt/sdformat_vendor:/opt/ros/jazzy/opt/gz_gui_vendor:/opt/ros/jazzy/opt/gz_transport_vendor:/opt/ros/jazzy/opt/gz_rendering_vendor:/opt/ros/jazzy/opt/gz_plugin_vendor:/opt/ros/jazzy/opt/gz_fuel_tools_vendor:/opt/ros/jazzy/opt/gz_msgs_vendor:/opt/ros/jazzy/opt/gz_common_vendor:/opt/ros/jazzy/opt/gz_math_vendor:/opt/ros/jazzy/opt/gz_utils_vendor:/opt/ros/jazzy/opt/gz_tools_vendor:/opt/ros/jazzy/opt/gz_ogre_next_vendor:/opt/ros/jazzy/opt/gz_dartsim_vendor:/opt/ros/jazzy/opt/gz_cmake_vendor:/opt/ros/jazzy DEBUGINFOD_URLS=https://debuginfod.neon.kde.org/ https://debuginfod.ubuntu.com/ /usr/bin/cmake /home/muneeb/RoboFlexv2.0/brainswarm_ws/src/roboflex_moveit_config -DCMAKE_INSTALL_PREFIX=/home/muneeb/RoboFlexv2.0/brainswarm_ws/install/roboflex_moveit_config
[5.017s] DEBUG:colcon.colcon_core.event_handler.log_command:Invoking command in '/home/muneeb/RoboFlexv2.0/brainswarm_ws/build/roboflex_moveit_config': AMENT_PREFIX_PATH=/home/muneeb/RoboFlexv2.0/brainswarm_ws/install/roboflex_description:${AMENT_PREFIX_PATH} CMAKE_PREFIX_PATH=/home/muneeb/RoboFlexv2.0/brainswarm_ws/install/roboflex_description:/opt/ros/jazzy/opt/gz_sim_vendor:/opt/ros/jazzy/opt/gz_sensors_vendor:/opt/ros/jazzy/opt/gz_physics_vendor:/opt/ros/jazzy/opt/sdformat_vendor:/opt/ros/jazzy/opt/gz_gui_vendor:/opt/ros/jazzy/opt/gz_transport_vendor:/opt/ros/jazzy/opt/gz_rendering_vendor:/opt/ros/jazzy/opt/gz_plugin_vendor:/opt/ros/jazzy/opt/gz_fuel_tools_vendor:/opt/ros/jazzy/opt/gz_msgs_vendor:/opt/ros/jazzy/opt/gz_common_vendor:/opt/ros/jazzy/opt/gz_math_vendor:/opt/ros/jazzy/opt/gz_utils_vendor:/opt/ros/jazzy/opt/gz_tools_vendor:/opt/ros/jazzy/opt/gz_ogre_next_vendor:/opt/ros/jazzy/opt/gz_dartsim_vendor:/opt/ros/jazzy/opt/gz_cmake_vendor:/opt/ros/jazzy DEBUGINFOD_URLS=https://debuginfod.neon.kde.org/ https://debuginfod.ubuntu.com/ /usr/bin/cmake --build /home/muneeb/RoboFlexv2.0/brainswarm_ws/build/roboflex_moveit_config -- -j8 -l8
[5.033s] DEBUG:colcon.colcon_core.event_handler.log_command:Invoked command in '/home/muneeb/RoboFlexv2.0/brainswarm_ws/build/dynamixel_hardware' returned '1': CMAKE_PREFIX_PATH=${CMAKE_PREFIX_PATH}:/opt/ros/jazzy DEBUGINFOD_URLS=https://debuginfod.neon.kde.org/ https://debuginfod.ubuntu.com/ /usr/bin/cmake /home/muneeb/RoboFlexv2.0/brainswarm_ws/src/dynamixel_hardware -DCMAKE_INSTALL_PREFIX=/home/muneeb/RoboFlexv2.0/brainswarm_ws/install/dynamixel_hardware
[5.052s] Level 1:colcon.colcon_core.environment:create_environment_scripts_only(dynamixel_hardware)
[5.052s] Level 1:colcon.colcon_core.environment:checking '/home/muneeb/RoboFlexv2.0/brainswarm_ws/install/dynamixel_hardware' for CMake module files
[5.053s] Level 1:colcon.colcon_core.environment:checking '/home/muneeb/RoboFlexv2.0/brainswarm_ws/install/dynamixel_hardware' for CMake config files
[5.053s] Level 1:colcon.colcon_core.environment:checking '/home/muneeb/RoboFlexv2.0/brainswarm_ws/install/dynamixel_hardware/bin'
[5.053s] Level 1:colcon.colcon_core.environment:checking '/home/muneeb/RoboFlexv2.0/brainswarm_ws/install/dynamixel_hardware/lib/pkgconfig/dynamixel_hardware.pc'
[5.053s] Level 1:colcon.colcon_core.environment:checking '/home/muneeb/RoboFlexv2.0/brainswarm_ws/install/dynamixel_hardware/lib/python3.12/site-packages'
[5.054s] Level 1:colcon.colcon_core.environment:checking '/home/muneeb/RoboFlexv2.0/brainswarm_ws/install/dynamixel_hardware/bin'
[5.054s] INFO:colcon.colcon_core.shell:Creating package script '/home/muneeb/RoboFlexv2.0/brainswarm_ws/install/dynamixel_hardware/share/dynamixel_hardware/package.ps1'
[5.054s] INFO:colcon.colcon_core.shell:Creating package descriptor '/home/muneeb/RoboFlexv2.0/brainswarm_ws/install/dynamixel_hardware/share/dynamixel_hardware/package.dsv'
[5.055s] INFO:colcon.colcon_core.shell:Creating package script '/home/muneeb/RoboFlexv2.0/brainswarm_ws/install/dynamixel_hardware/share/dynamixel_hardware/package.sh'
[5.055s] INFO:colcon.colcon_core.shell:Creating package script '/home/muneeb/RoboFlexv2.0/brainswarm_ws/install/dynamixel_hardware/share/dynamixel_hardware/package.bash'
[5.056s] INFO:colcon.colcon_core.shell:Creating package script '/home/muneeb/RoboFlexv2.0/brainswarm_ws/install/dynamixel_hardware/share/dynamixel_hardware/package.zsh'
[5.056s] Level 1:colcon.colcon_core.environment:create_file_with_runtime_dependencies(/home/muneeb/RoboFlexv2.0/brainswarm_ws/install/dynamixel_hardware/share/colcon-core/packages/dynamixel_hardware)
[5.112s] DEBUG:colcon.colcon_parallel_executor.executor.parallel:closing loop
[5.113s] DEBUG:colcon.colcon_parallel_executor.executor.parallel:loop closed
[5.113s] DEBUG:colcon.colcon_parallel_executor.executor.parallel:run_until_complete finished with '2'
[5.113s] DEBUG:colcon.colcon_core.event_reactor:joining thread
[5.119s] DEBUG:colcon.colcon_parallel_executor.executor.parallel:closing loop
[5.120s] DEBUG:colcon.colcon_parallel_executor.executor.parallel:loop closed
[5.120s] DEBUG:colcon.colcon_parallel_executor.executor.parallel:run_until_complete finished with '1'
[5.120s] DEBUG:colcon.colcon_core.event_reactor:joining thread
[5.124s] DEBUG:colcon.colcon_parallel_executor.executor.parallel:closing loop
[5.124s] DEBUG:colcon.colcon_parallel_executor.executor.parallel:loop closed
[5.124s] DEBUG:colcon.colcon_parallel_executor.executor.parallel:run_until_complete finished with '1'
[5.124s] DEBUG:colcon.colcon_core.event_reactor:joining thread
[5.127s] INFO:colcon.colcon_core.plugin_system:Skipping extension 'colcon_notification.desktop_notification.notify_send': Could not find 'notify-send'
[5.127s] INFO:colcon.colcon_core.plugin_system:Skipping extension 'colcon_notification.desktop_notification.terminal_notifier': Not used on non-Darwin systems
[5.127s] INFO:colcon.colcon_core.plugin_system:Skipping extension 'colcon_notification.desktop_notification.win32': Not used on non-Windows systems
[5.127s] INFO:colcon.colcon_notification.desktop_notification:Sending desktop notification using 'notify2'
[5.128s] INFO:colcon.colcon_core.plugin_system:Skipping extension 'colcon_notification.desktop_notification.notify_send': Could not find 'notify-send'
[5.128s] INFO:colcon.colcon_core.plugin_system:Skipping extension 'colcon_notification.desktop_notification.terminal_notifier': Not used on non-Darwin systems
[5.128s] INFO:colcon.colcon_core.plugin_system:Skipping extension 'colcon_notification.desktop_notification.win32': Not used on non-Windows systems
[5.128s] INFO:colcon.colcon_notification.desktop_notification:Sending desktop notification using 'notify2'
[5.131s] INFO:colcon.colcon_core.plugin_system:Skipping extension 'colcon_notification.desktop_notification.notify_send': Could not find 'notify-send'
[5.131s] INFO:colcon.colcon_core.plugin_system:Skipping extension 'colcon_notification.desktop_notification.terminal_notifier': Not used on non-Darwin systems
[5.131s] INFO:colcon.colcon_core.plugin_system:Skipping extension 'colcon_notification.desktop_notification.win32': Not used on non-Windows systems
[5.131s] INFO:colcon.colcon_notification.desktop_notification:Sending desktop notification using 'notify2'
[5.160s] DEBUG:colcon.colcon_core.event_reactor:joined thread
[5.161s] INFO:colcon.colcon_core.shell:Creating prefix script '/home/muneeb/RoboFlexv2.0/brainswarm_ws/install/local_setup.ps1'
[5.163s] INFO:colcon.colcon_core.shell:Creating prefix util module '/home/muneeb/RoboFlexv2.0/brainswarm_ws/install/_local_setup_util_ps1.py'
[5.164s] INFO:colcon.colcon_core.shell:Creating prefix chain script '/home/muneeb/RoboFlexv2.0/brainswarm_ws/install/setup.ps1'
[5.166s] INFO:colcon.colcon_core.shell:Creating prefix script '/home/muneeb/RoboFlexv2.0/brainswarm_ws/install/local_setup.sh'
[5.166s] INFO:colcon.colcon_core.shell:Creating prefix util module '/home/muneeb/RoboFlexv2.0/brainswarm_ws/install/_local_setup_util_sh.py'
[5.167s] INFO:colcon.colcon_core.shell:Creating prefix chain script '/home/muneeb/RoboFlexv2.0/brainswarm_ws/install/setup.sh'
[5.168s] INFO:colcon.colcon_core.shell:Creating prefix script '/home/muneeb/RoboFlexv2.0/brainswarm_ws/install/local_setup.bash'
[5.169s] INFO:colcon.colcon_core.shell:Creating prefix chain script '/home/muneeb/RoboFlexv2.0/brainswarm_ws/install/setup.bash'
[5.170s] INFO:colcon.colcon_core.shell:Creating prefix script '/home/muneeb/RoboFlexv2.0/brainswarm_ws/install/local_setup.zsh'
[5.177s] INFO:colcon.colcon_core.shell:Creating prefix chain script '/home/muneeb/RoboFlexv2.0/brainswarm_ws/install/setup.zsh'
[5.246s] ERROR:colcon.colcon_notification.desktop_notification:Exception in desktop notification extension 'notify2': org.freedesktop.Notifications.Error.ExcessNotificationGeneration: Created too many similar notifications in quick succession
Traceback (most recent call last):
  File "/usr/lib/python3/dist-packages/colcon_notification/desktop_notification/__init__.py", line 106, in notify
    retval = extension.notify(
             ^^^^^^^^^^^^^^^^^
  File "/usr/lib/python3/dist-packages/colcon_notification/desktop_notification/notify2.py", line 51, in notify
    self._last_notification.show()
  File "/usr/lib/python3/dist-packages/notify2.py", line 181, in show
    nid = dbus_iface.Notify(appname,       # app_name       (spec names)
          ^^^^^^^^^^^^^^^^^^^^^^^^^^^^^^^^^^^^^^^^^^^^^^^^^^^^^^^^^^^^^^
  File "/usr/lib/python3/dist-packages/dbus/proxies.py", line 72, in __call__
    return self._proxy_method(*args, **keywords)
           ^^^^^^^^^^^^^^^^^^^^^^^^^^^^^^^^^^^^^
  File "/usr/lib/python3/dist-packages/dbus/proxies.py", line 141, in __call__
    return self._connection.call_blocking(self._named_service,
           ^^^^^^^^^^^^^^^^^^^^^^^^^^^^^^^^^^^^^^^^^^^^^^^^^^^
  File "/usr/lib/python3/dist-packages/dbus/connection.py", line 634, in call_blocking
    reply_message = self.send_message_with_reply_and_block(
                    ^^^^^^^^^^^^^^^^^^^^^^^^^^^^^^^^^^^^^^^
dbus.exceptions.DBusException: org.freedesktop.Notifications.Error.ExcessNotificationGeneration: Created too many similar notifications in quick succession

[5.246s] DEBUG:colcon.colcon_core.event_reactor:joined thread
[5.246s] DEBUG:colcon.colcon_core.event_reactor:joined thread
[5.247s] INFO:colcon.colcon_core.shell:Creating prefix script '/home/muneeb/RoboFlexv2.0/brainswarm_ws/install/local_setup.ps1'
[5.247s] INFO:colcon.colcon_core.shell:Creating prefix script '/home/muneeb/RoboFlexv2.0/brainswarm_ws/install/local_setup.ps1'
[5.248s] INFO:colcon.colcon_core.shell:Creating prefix util module '/home/muneeb/RoboFlexv2.0/brainswarm_ws/install/_local_setup_util_ps1.py'
[5.249s] INFO:colcon.colcon_core.shell:Creating prefix util module '/home/muneeb/RoboFlexv2.0/brainswarm_ws/install/_local_setup_util_ps1.py'
[5.250s] INFO:colcon.colcon_core.shell:Creating prefix chain script '/home/muneeb/RoboFlexv2.0/brainswarm_ws/install/setup.ps1'
[5.254s] INFO:colcon.colcon_core.shell:Creating prefix chain script '/home/muneeb/RoboFlexv2.0/brainswarm_ws/install/setup.ps1'
[5.254s] INFO:colcon.colcon_core.shell:Creating prefix script '/home/muneeb/RoboFlexv2.0/brainswarm_ws/install/local_setup.sh'
[5.256s] INFO:colcon.colcon_core.shell:Creating prefix script '/home/muneeb/RoboFlexv2.0/brainswarm_ws/install/local_setup.sh'
[5.256s] INFO:colcon.colcon_core.shell:Creating prefix util module '/home/muneeb/RoboFlexv2.0/brainswarm_ws/install/_local_setup_util_sh.py'
[5.258s] INFO:colcon.colcon_core.shell:Creating prefix util module '/home/muneeb/RoboFlexv2.0/brainswarm_ws/install/_local_setup_util_sh.py'
[5.258s] INFO:colcon.colcon_core.shell:Creating prefix chain script '/home/muneeb/RoboFlexv2.0/brainswarm_ws/install/setup.sh'
[5.260s] INFO:colcon.colcon_core.shell:Creating prefix chain script '/home/muneeb/RoboFlexv2.0/brainswarm_ws/install/setup.sh'
[5.264s] INFO:colcon.colcon_core.shell:Creating prefix script '/home/muneeb/RoboFlexv2.0/brainswarm_ws/install/local_setup.bash'
[5.267s] INFO:colcon.colcon_core.shell:Creating prefix chain script '/home/muneeb/RoboFlexv2.0/brainswarm_ws/install/setup.bash'
[5.267s] INFO:colcon.colcon_core.shell:Creating prefix script '/home/muneeb/RoboFlexv2.0/brainswarm_ws/install/local_setup.bash'
[5.269s] INFO:colcon.colcon_core.shell:Creating prefix script '/home/muneeb/RoboFlexv2.0/brainswarm_ws/install/local_setup.zsh'
[5.270s] INFO:colcon.colcon_core.shell:Creating prefix chain script '/home/muneeb/RoboFlexv2.0/brainswarm_ws/install/setup.bash'
[5.271s] INFO:colcon.colcon_core.shell:Creating prefix chain script '/home/muneeb/RoboFlexv2.0/brainswarm_ws/install/setup.zsh'
[5.272s] INFO:colcon.colcon_core.shell:Creating prefix script '/home/muneeb/RoboFlexv2.0/brainswarm_ws/install/local_setup.zsh'
[5.276s] INFO:colcon.colcon_core.shell:Creating prefix chain script '/home/muneeb/RoboFlexv2.0/brainswarm_ws/install/setup.zsh'
