[0.126s] DEBUG:colcon:Command line arguments: ['/usr/bin/colcon', 'build']
[0.126s] DEBUG:colcon:Parsed command line arguments: Namespace(log_base=None, log_level=None, verb_name='build', build_base='build', install_base='install', merge_install=False, symlink_install=False, test_result_base=None, continue_on_error=False, executor='parallel', parallel_workers=8, event_handlers=None, ignore_user_meta=False, metas=['./colcon.meta'], base_paths=['.'], packages_ignore=None, packages_ignore_regex=None, paths=None, packages_up_to=None, packages_up_to_regex=None, packages_above=None, packages_above_and_dependencies=None, packages_above_depth=None, packages_select_by_dep=None, packages_skip_by_dep=None, packages_skip_up_to=None, packages_select_build_failed=False, packages_skip_build_finished=False, packages_select_test_failures=False, packages_skip_test_passed=False, packages_select=None, packages_skip=None, packages_select_regex=None, packages_skip_regex=None, packages_start=None, packages_end=None, allow_overriding=[], cmake_args=None, cmake_target=None, cmake_target_skip_unavailable=False, cmake_clean_cache=False, cmake_clean_first=False, cmake_force_configure=False, ament_cmake_args=None, catkin_cmake_args=None, catkin_skip_building_tests=False, mixin_files=None, mixin=None, verb_parser=<colcon_mixin.mixin.mixin_argument.MixinArgumentDecorator object at 0x7a519fca95b0>, verb_extension=<colcon_core.verb.build.BuildVerb object at 0x7a519fdd5a30>, main=<bound method BuildVerb.main of <colcon_core.verb.build.BuildVerb object at 0x7a519fdd5a30>>, mixin_verb=('build',))
[0.126s] DEBUG:colcon:Command line arguments: ['/usr/bin/colcon', 'build']
[0.126s] DEBUG:colcon:Parsed command line arguments: Namespace(log_base=None, log_level=None, verb_name='build', build_base='build', install_base='install', merge_install=False, symlink_install=False, test_result_base=None, continue_on_error=False, executor='parallel', parallel_workers=8, event_handlers=None, ignore_user_meta=False, metas=['./colcon.meta'], base_paths=['.'], packages_ignore=None, packages_ignore_regex=None, paths=None, packages_up_to=None, packages_up_to_regex=None, packages_above=None, packages_above_and_dependencies=None, packages_above_depth=None, packages_select_by_dep=None, packages_skip_by_dep=None, packages_skip_up_to=None, packages_select_build_failed=False, packages_skip_build_finished=False, packages_select_test_failures=False, packages_skip_test_passed=False, packages_select=None, packages_skip=None, packages_select_regex=None, packages_skip_regex=None, packages_start=None, packages_end=None, allow_overriding=[], cmake_args=None, cmake_target=None, cmake_target_skip_unavailable=False, cmake_clean_cache=False, cmake_clean_first=False, cmake_force_configure=False, ament_cmake_args=None, catkin_cmake_args=None, catkin_skip_building_tests=False, mixin_files=None, mixin=None, verb_parser=<colcon_mixin.mixin.mixin_argument.MixinArgumentDecorator object at 0x702b87805e20>, verb_extension=<colcon_core.verb.build.BuildVerb object at 0x702b86df55e0>, main=<bound method BuildVerb.main of <colcon_core.verb.build.BuildVerb object at 0x702b86df55e0>>, mixin_verb=('build',))
[0.129s] DEBUG:colcon:Command line arguments: ['/usr/bin/colcon', 'build']
[0.129s] DEBUG:colcon:Parsed command line arguments: Namespace(log_base=None, log_level=None, verb_name='build', build_base='build', install_base='install', merge_install=False, symlink_install=False, test_result_base=None, continue_on_error=False, executor='parallel', parallel_workers=8, event_handlers=None, ignore_user_meta=False, metas=['./colcon.meta'], base_paths=['.'], packages_ignore=None, packages_ignore_regex=None, paths=None, packages_up_to=None, packages_up_to_regex=None, packages_above=None, packages_above_and_dependencies=None, packages_above_depth=None, packages_select_by_dep=None, packages_skip_by_dep=None, packages_skip_up_to=None, packages_select_build_failed=False, packages_skip_build_finished=False, packages_select_test_failures=False, packages_skip_test_passed=False, packages_select=None, packages_skip=None, packages_select_regex=None, packages_skip_regex=None, packages_start=None, packages_end=None, allow_overriding=[], cmake_args=None, cmake_target=None, cmake_target_skip_unavailable=False, cmake_clean_cache=False, cmake_clean_first=False, cmake_force_configure=False, ament_cmake_args=None, catkin_cmake_args=None, catkin_skip_building_tests=False, mixin_files=None, mixin=None, verb_parser=<colcon_mixin.mixin.mixin_argument.MixinArgumentDecorator object at 0x757f86b41ee0>, verb_extension=<colcon_core.verb.build.BuildVerb object at 0x757f86ce5a00>, main=<bound method BuildVerb.main of <colcon_core.verb.build.BuildVerb object at 0x757f86ce5a00>>, mixin_verb=('build',))
[0.168s] Level 1:colcon.colcon_core.package_discovery:discover_packages(colcon_meta) check parameters
[0.168s] Level 1:colcon.colcon_core.package_discovery:discover_packages(recursive) check parameters
[0.169s] Level 1:colcon.colcon_core.package_discovery:discover_packages(ignore) check parameters
[0.169s] Level 1:colcon.colcon_core.package_discovery:discover_packages(path) check parameters
[0.169s] Level 1:colcon.colcon_core.package_discovery:discover_packages(colcon_meta) discover
[0.169s] Level 1:colcon.colcon_core.package_discovery:discover_packages(recursive) discover
[0.169s] INFO:colcon.colcon_core.package_discovery:Crawling recursively for packages in '/home/muneeb/RoboFlexv2.0/brainswarm_ws'
[0.169s] Level 1:colcon.colcon_core.package_identification:_identify(.) by extensions ['ignore', 'ignore_ament_install']
[0.169s] Level 1:colcon.colcon_core.package_identification:_identify(.) by extension 'ignore'
[0.169s] Level 1:colcon.colcon_core.package_identification:_identify(.) by extension 'ignore_ament_install'
[0.169s] Level 1:colcon.colcon_core.package_identification:_identify(.) by extensions ['colcon_pkg']
[0.169s] Level 1:colcon.colcon_core.package_identification:_identify(.) by extension 'colcon_pkg'
[0.169s] Level 1:colcon.colcon_core.package_identification:_identify(.) by extensions ['colcon_meta']
[0.169s] Level 1:colcon.colcon_core.package_identification:_identify(.) by extension 'colcon_meta'
[0.169s] Level 1:colcon.colcon_core.package_identification:_identify(.) by extensions ['ros']
[0.169s] Level 1:colcon.colcon_core.package_identification:_identify(.) by extension 'ros'
[0.170s] Level 1:colcon.colcon_core.package_discovery:discover_packages(colcon_meta) check parameters
[0.170s] Level 1:colcon.colcon_core.package_discovery:discover_packages(recursive) check parameters
[0.170s] Level 1:colcon.colcon_core.package_discovery:discover_packages(ignore) check parameters
[0.170s] Level 1:colcon.colcon_core.package_discovery:discover_packages(path) check parameters
[0.170s] Level 1:colcon.colcon_core.package_discovery:discover_packages(colcon_meta) discover
[0.170s] Level 1:colcon.colcon_core.package_discovery:discover_packages(recursive) discover
[0.170s] INFO:colcon.colcon_core.package_discovery:Crawling recursively for packages in '/home/muneeb/RoboFlexv2.0/brainswarm_ws'
[0.170s] Level 1:colcon.colcon_core.package_identification:_identify(.) by extensions ['ignore', 'ignore_ament_install']
[0.170s] Level 1:colcon.colcon_core.package_identification:_identify(.) by extension 'ignore'
[0.170s] Level 1:colcon.colcon_core.package_identification:_identify(.) by extension 'ignore_ament_install'
[0.170s] Level 1:colcon.colcon_core.package_identification:_identify(.) by extensions ['colcon_pkg']
[0.170s] Level 1:colcon.colcon_core.package_identification:_identify(.) by extension 'colcon_pkg'
[0.171s] Level 1:colcon.colcon_core.package_identification:_identify(.) by extensions ['colcon_meta']
[0.171s] Level 1:colcon.colcon_core.package_identification:_identify(.) by extension 'colcon_meta'
[0.171s] Level 1:colcon.colcon_core.package_identification:_identify(.) by extensions ['ros']
[0.171s] Level 1:colcon.colcon_core.package_identification:_identify(.) by extension 'ros'
[0.186s] Level 1:colcon.colcon_core.package_discovery:discover_packages(colcon_meta) check parameters
[0.186s] Level 1:colcon.colcon_core.package_discovery:discover_packages(recursive) check parameters
[0.187s] Level 1:colcon.colcon_core.package_discovery:discover_packages(ignore) check parameters
[0.187s] Level 1:colcon.colcon_core.package_discovery:discover_packages(path) check parameters
[0.187s] Level 1:colcon.colcon_core.package_discovery:discover_packages(colcon_meta) discover
[0.187s] Level 1:colcon.colcon_core.package_discovery:discover_packages(recursive) discover
[0.187s] INFO:colcon.colcon_core.package_discovery:Crawling recursively for packages in '/home/muneeb/RoboFlexv2.0/brainswarm_ws'
[0.187s] Level 1:colcon.colcon_core.package_identification:_identify(.) by extensions ['ignore', 'ignore_ament_install']
[0.187s] Level 1:colcon.colcon_core.package_identification:_identify(.) by extension 'ignore'
[0.187s] Level 1:colcon.colcon_core.package_identification:_identify(.) by extension 'ignore_ament_install'
[0.187s] Level 1:colcon.colcon_core.package_identification:_identify(.) by extensions ['colcon_pkg']
[0.187s] Level 1:colcon.colcon_core.package_identification:_identify(.) by extension 'colcon_pkg'
[0.187s] Level 1:colcon.colcon_core.package_identification:_identify(.) by extensions ['colcon_meta']
[0.187s] Level 1:colcon.colcon_core.package_identification:_identify(.) by extension 'colcon_meta'
[0.187s] Level 1:colcon.colcon_core.package_identification:_identify(.) by extensions ['ros']
[0.187s] Level 1:colcon.colcon_core.package_identification:_identify(.) by extension 'ros'
[0.200s] Level 1:colcon.colcon_core.package_identification:_identify(.) by extensions ['cmake', 'python']
[0.200s] Level 1:colcon.colcon_core.package_identification:_identify(.) by extension 'cmake'
[0.200s] Level 1:colcon.colcon_core.package_identification:_identify(.) by extension 'python'
[0.200s] Level 1:colcon.colcon_core.package_identification:_identify(.) by extensions ['python_setup_py']
[0.200s] Level 1:colcon.colcon_core.package_identification:_identify(.) by extension 'python_setup_py'
[0.200s] Level 1:colcon.colcon_core.package_identification:_identify(build) by extensions ['ignore', 'ignore_ament_install']
[0.200s] Level 1:colcon.colcon_core.package_identification:_identify(build) by extension 'ignore'
[0.201s] Level 1:colcon.colcon_core.package_identification:_identify(build) ignored
[0.201s] Level 1:colcon.colcon_core.package_identification:_identify(install) by extensions ['ignore', 'ignore_ament_install']
[0.201s] Level 1:colcon.colcon_core.package_identification:_identify(install) by extension 'ignore'
[0.201s] Level 1:colcon.colcon_core.package_identification:_identify(install) ignored
[0.201s] Level 1:colcon.colcon_core.package_identification:_identify(log) by extensions ['ignore', 'ignore_ament_install']
[0.201s] Level 1:colcon.colcon_core.package_identification:_identify(log) by extension 'ignore'
[0.201s] Level 1:colcon.colcon_core.package_identification:_identify(log) ignored
[0.201s] Level 1:colcon.colcon_core.package_identification:_identify(src) by extensions ['ignore', 'ignore_ament_install']
[0.201s] Level 1:colcon.colcon_core.package_identification:_identify(src) by extension 'ignore'
[0.201s] Level 1:colcon.colcon_core.package_identification:_identify(src) by extension 'ignore_ament_install'
[0.201s] Level 1:colcon.colcon_core.package_identification:_identify(src) by extensions ['colcon_pkg']
[0.201s] Level 1:colcon.colcon_core.package_identification:_identify(src) by extension 'colcon_pkg'
[0.202s] Level 1:colcon.colcon_core.package_identification:_identify(src) by extensions ['colcon_meta']
[0.202s] Level 1:colcon.colcon_core.package_identification:_identify(src) by extension 'colcon_meta'
[0.202s] Level 1:colcon.colcon_core.package_identification:_identify(src) by extensions ['ros']
[0.202s] Level 1:colcon.colcon_core.package_identification:_identify(src) by extension 'ros'
[0.202s] Level 1:colcon.colcon_core.package_identification:_identify(.) by extensions ['cmake', 'python']
[0.202s] Level 1:colcon.colcon_core.package_identification:_identify(.) by extension 'cmake'
[0.202s] Level 1:colcon.colcon_core.package_identification:_identify(.) by extension 'python'
[0.202s] Level 1:colcon.colcon_core.package_identification:_identify(src) by extensions ['cmake', 'python']
[0.202s] Level 1:colcon.colcon_core.package_identification:_identify(.) by extensions ['python_setup_py']
[0.202s] Level 1:colcon.colcon_core.package_identification:_identify(src) by extension 'cmake'
[0.202s] Level 1:colcon.colcon_core.package_identification:_identify(.) by extension 'python_setup_py'
[0.202s] Level 1:colcon.colcon_core.package_identification:_identify(src) by extension 'python'
[0.202s] Level 1:colcon.colcon_core.package_identification:_identify(src) by extensions ['python_setup_py']
[0.202s] Level 1:colcon.colcon_core.package_identification:_identify(src) by extension 'python_setup_py'
[0.202s] Level 1:colcon.colcon_core.package_identification:_identify(build) by extensions ['ignore', 'ignore_ament_install']
[0.202s] Level 1:colcon.colcon_core.package_identification:_identify(src/bras_robot_description) by extensions ['ignore', 'ignore_ament_install']
[0.202s] Level 1:colcon.colcon_core.package_identification:_identify(build) by extension 'ignore'
[0.202s] Level 1:colcon.colcon_core.package_identification:_identify(src/bras_robot_description) by extension 'ignore'
[0.202s] Level 1:colcon.colcon_core.package_identification:_identify(src/bras_robot_description) by extension 'ignore_ament_install'
[0.202s] Level 1:colcon.colcon_core.package_identification:_identify(build) ignored
[0.202s] Level 1:colcon.colcon_core.package_identification:_identify(src/bras_robot_description) by extensions ['colcon_pkg']
[0.202s] Level 1:colcon.colcon_core.package_identification:_identify(src/bras_robot_description) by extension 'colcon_pkg'
[0.202s] Level 1:colcon.colcon_core.package_identification:_identify(src/bras_robot_description) by extensions ['colcon_meta']
[0.202s] Level 1:colcon.colcon_core.package_identification:_identify(src/bras_robot_description) by extension 'colcon_meta'
[0.202s] Level 1:colcon.colcon_core.package_identification:_identify(install) by extensions ['ignore', 'ignore_ament_install']
[0.202s] Level 1:colcon.colcon_core.package_identification:_identify(src/bras_robot_description) by extensions ['ros']
[0.202s] Level 1:colcon.colcon_core.package_identification:_identify(src/bras_robot_description) by extension 'ros'
[0.203s] Level 1:colcon.colcon_core.package_identification:_identify(install) by extension 'ignore'
[0.203s] Level 1:colcon.colcon_core.package_identification:_identify(install) ignored
[0.203s] Level 1:colcon.colcon_core.package_identification:_identify(log) by extensions ['ignore', 'ignore_ament_install']
[0.203s] Level 1:colcon.colcon_core.package_identification:_identify(log) by extension 'ignore'
[0.203s] Level 1:colcon.colcon_core.package_identification:_identify(log) ignored
[0.203s] Level 1:colcon.colcon_core.package_identification:_identify(src) by extensions ['ignore', 'ignore_ament_install']
[0.203s] Level 1:colcon.colcon_core.package_identification:_identify(src) by extension 'ignore'
[0.203s] Level 1:colcon.colcon_core.package_identification:_identify(src) by extension 'ignore_ament_install'
[0.203s] Level 1:colcon.colcon_core.package_identification:_identify(src) by extensions ['colcon_pkg']
[0.203s] Level 1:colcon.colcon_core.package_identification:_identify(src) by extension 'colcon_pkg'
[0.203s] Level 1:colcon.colcon_core.package_identification:_identify(src) by extensions ['colcon_meta']
[0.203s] Level 1:colcon.colcon_core.package_identification:_identify(src) by extension 'colcon_meta'
[0.203s] Level 1:colcon.colcon_core.package_identification:_identify(src) by extensions ['ros']
[0.203s] Level 1:colcon.colcon_core.package_identification:_identify(src) by extension 'ros'
[0.204s] Level 1:colcon.colcon_core.package_identification:_identify(src) by extensions ['cmake', 'python']
[0.204s] Level 1:colcon.colcon_core.package_identification:_identify(src) by extension 'cmake'
[0.204s] Level 1:colcon.colcon_core.package_identification:_identify(src) by extension 'python'
[0.204s] Level 1:colcon.colcon_core.package_identification:_identify(src) by extensions ['python_setup_py']
[0.204s] Level 1:colcon.colcon_core.package_identification:_identify(src) by extension 'python_setup_py'
[0.204s] Level 1:colcon.colcon_core.package_identification:_identify(src/bras_robot_description) by extensions ['ignore', 'ignore_ament_install']
[0.204s] Level 1:colcon.colcon_core.package_identification:_identify(src/bras_robot_description) by extension 'ignore'
[0.204s] Level 1:colcon.colcon_core.package_identification:_identify(src/bras_robot_description) by extension 'ignore_ament_install'
[0.204s] Level 1:colcon.colcon_core.package_identification:_identify(src/bras_robot_description) by extensions ['colcon_pkg']
[0.204s] Level 1:colcon.colcon_core.package_identification:_identify(src/bras_robot_description) by extension 'colcon_pkg'
[0.204s] Level 1:colcon.colcon_core.package_identification:_identify(src/bras_robot_description) by extensions ['colcon_meta']
[0.204s] Level 1:colcon.colcon_core.package_identification:_identify(src/bras_robot_description) by extension 'colcon_meta'
[0.204s] Level 1:colcon.colcon_core.package_identification:_identify(src/bras_robot_description) by extensions ['ros']
[0.204s] Level 1:colcon.colcon_core.package_identification:_identify(src/bras_robot_description) by extension 'ros'
[0.205s] DEBUG:colcon.colcon_core.package_identification:Package 'src/bras_robot_description' with type 'ros.ament_cmake' and name 'bras_robot_description'
[0.205s] Level 1:colcon.colcon_core.package_identification:_identify(src/dynamixel_hardware) by extensions ['ignore', 'ignore_ament_install']
[0.205s] Level 1:colcon.colcon_core.package_identification:_identify(src/dynamixel_hardware) by extension 'ignore'
[0.205s] Level 1:colcon.colcon_core.package_identification:_identify(src/dynamixel_hardware) by extension 'ignore_ament_install'
[0.205s] Level 1:colcon.colcon_core.package_identification:_identify(src/dynamixel_hardware) by extensions ['colcon_pkg']
[0.205s] Level 1:colcon.colcon_core.package_identification:_identify(src/dynamixel_hardware) by extension 'colcon_pkg'
[0.206s] Level 1:colcon.colcon_core.package_identification:_identify(src/dynamixel_hardware) by extensions ['colcon_meta']
[0.206s] Level 1:colcon.colcon_core.package_identification:_identify(src/dynamixel_hardware) by extension 'colcon_meta'
[0.206s] Level 1:colcon.colcon_core.package_identification:_identify(src/dynamixel_hardware) by extensions ['ros']
[0.206s] Level 1:colcon.colcon_core.package_identification:_identify(src/dynamixel_hardware) by extension 'ros'
[0.206s] DEBUG:colcon.colcon_core.package_identification:Package 'src/dynamixel_hardware' with type 'ros.ament_cmake' and name 'dynamixel_hardware'
[0.207s] Level 1:colcon.colcon_core.package_identification:_identify(src/roboflex_description) by extensions ['ignore', 'ignore_ament_install']
[0.207s] Level 1:colcon.colcon_core.package_identification:_identify(src/roboflex_description) by extension 'ignore'
[0.207s] Level 1:colcon.colcon_core.package_identification:_identify(src/roboflex_description) by extension 'ignore_ament_install'
[0.207s] Level 1:colcon.colcon_core.package_identification:_identify(src/roboflex_description) by extensions ['colcon_pkg']
[0.207s] Level 1:colcon.colcon_core.package_identification:_identify(src/roboflex_description) by extension 'colcon_pkg'
[0.207s] Level 1:colcon.colcon_core.package_identification:_identify(src/roboflex_description) by extensions ['colcon_meta']
[0.207s] Level 1:colcon.colcon_core.package_identification:_identify(src/roboflex_description) by extension 'colcon_meta'
[0.207s] Level 1:colcon.colcon_core.package_identification:_identify(src/roboflex_description) by extensions ['ros']
[0.207s] Level 1:colcon.colcon_core.package_identification:_identify(src/roboflex_description) by extension 'ros'
[0.207s] DEBUG:colcon.colcon_core.package_identification:Package 'src/bras_robot_description' with type 'ros.ament_cmake' and name 'bras_robot_description'
[0.207s] Level 1:colcon.colcon_core.package_identification:_identify(src/dynamixel_hardware) by extensions ['ignore', 'ignore_ament_install']
[0.207s] Level 1:colcon.colcon_core.package_identification:_identify(src/dynamixel_hardware) by extension 'ignore'
[0.207s] Level 1:colcon.colcon_core.package_identification:_identify(src/dynamixel_hardware) by extension 'ignore_ament_install'
[0.207s] DEBUG:colcon.colcon_core.package_identification:Package 'src/roboflex_description' with type 'ros.ament_cmake' and name 'roboflex_description'
[0.208s] Level 1:colcon.colcon_core.package_identification:_identify(src/dynamixel_hardware) by extensions ['colcon_pkg']
[0.208s] Level 1:colcon.colcon_core.package_identification:_identify(src/roboflex_moveit_config) by extensions ['ignore', 'ignore_ament_install']
[0.208s] Level 1:colcon.colcon_core.package_identification:_identify(src/dynamixel_hardware) by extension 'colcon_pkg'
[0.208s] Level 1:colcon.colcon_core.package_identification:_identify(src/roboflex_moveit_config) by extension 'ignore'
[0.208s] Level 1:colcon.colcon_core.package_identification:_identify(src/dynamixel_hardware) by extensions ['colcon_meta']
[0.208s] Level 1:colcon.colcon_core.package_identification:_identify(src/dynamixel_hardware) by extension 'colcon_meta'
[0.208s] Level 1:colcon.colcon_core.package_identification:_identify(src/roboflex_moveit_config) by extension 'ignore_ament_install'
[0.208s] Level 1:colcon.colcon_core.package_identification:_identify(src/dynamixel_hardware) by extensions ['ros']
[0.208s] Level 1:colcon.colcon_core.package_identification:_identify(src/roboflex_moveit_config) by extensions ['colcon_pkg']
[0.208s] Level 1:colcon.colcon_core.package_identification:_identify(src/dynamixel_hardware) by extension 'ros'
[0.208s] Level 1:colcon.colcon_core.package_identification:_identify(src/roboflex_moveit_config) by extension 'colcon_pkg'
[0.208s] Level 1:colcon.colcon_core.package_identification:_identify(src/roboflex_moveit_config) by extensions ['colcon_meta']
[0.208s] Level 1:colcon.colcon_core.package_identification:_identify(src/roboflex_moveit_config) by extension 'colcon_meta'
[0.208s] Level 1:colcon.colcon_core.package_identification:_identify(src/roboflex_moveit_config) by extensions ['ros']
[0.208s] Level 1:colcon.colcon_core.package_identification:_identify(src/roboflex_moveit_config) by extension 'ros'
[0.209s] DEBUG:colcon.colcon_core.package_identification:Package 'src/dynamixel_hardware' with type 'ros.ament_cmake' and name 'dynamixel_hardware'
[0.209s] DEBUG:colcon.colcon_core.package_identification:Package 'src/roboflex_moveit_config' with type 'ros.ament_cmake' and name 'roboflex_moveit_config'
[0.209s] Level 1:colcon.colcon_core.package_identification:_identify(src/roboflex_description) by extensions ['ignore', 'ignore_ament_install']
[0.209s] Level 1:colcon.colcon_core.package_identification:_identify(src/roboflex_description) by extension 'ignore'
[0.209s] Level 1:colcon.colcon_core.package_identification:_identify(src/srdfdom-2.0.4) by extensions ['ignore', 'ignore_ament_install']
[0.209s] Level 1:colcon.colcon_core.package_identification:_identify(src/roboflex_description) by extension 'ignore_ament_install'
[0.209s] Level 1:colcon.colcon_core.package_identification:_identify(src/srdfdom-2.0.4) by extension 'ignore'
[0.209s] Level 1:colcon.colcon_core.package_identification:_identify(src/srdfdom-2.0.4) by extension 'ignore_ament_install'
[0.209s] Level 1:colcon.colcon_core.package_identification:_identify(src/roboflex_description) by extensions ['colcon_pkg']
[0.209s] Level 1:colcon.colcon_core.package_identification:_identify(src/roboflex_description) by extension 'colcon_pkg'
[0.209s] Level 1:colcon.colcon_core.package_identification:_identify(src/srdfdom-2.0.4) by extensions ['colcon_pkg']
[0.209s] Level 1:colcon.colcon_core.package_identification:_identify(src/srdfdom-2.0.4) by extension 'colcon_pkg'
[0.209s] Level 1:colcon.colcon_core.package_identification:_identify(src/roboflex_description) by extensions ['colcon_meta']
[0.209s] Level 1:colcon.colcon_core.package_identification:_identify(src/srdfdom-2.0.4) by extensions ['colcon_meta']
[0.209s] Level 1:colcon.colcon_core.package_identification:_identify(src/roboflex_description) by extension 'colcon_meta'
[0.209s] Level 1:colcon.colcon_core.package_identification:_identify(src/srdfdom-2.0.4) by extension 'colcon_meta'
[0.209s] Level 1:colcon.colcon_core.package_identification:_identify(src/roboflex_description) by extensions ['ros']
[0.209s] Level 1:colcon.colcon_core.package_identification:_identify(src/srdfdom-2.0.4) by extensions ['ros']
[0.209s] Level 1:colcon.colcon_core.package_identification:_identify(src/srdfdom-2.0.4) by extension 'ros'
[0.209s] Level 1:colcon.colcon_core.package_identification:_identify(src/roboflex_description) by extension 'ros'
[0.210s] DEBUG:colcon.colcon_core.package_identification:Package 'src/roboflex_description' with type 'ros.ament_cmake' and name 'roboflex_description'
[0.210s] Level 1:colcon.colcon_core.package_identification:_identify(src/roboflex_moveit_config) by extensions ['ignore', 'ignore_ament_install']
[0.210s] DEBUG:colcon.colcon_core.package_identification:Package 'src/srdfdom-2.0.4' with type 'ros.ament_cmake' and name 'srdfdom'
[0.210s] Level 1:colcon.colcon_core.package_identification:_identify(src/roboflex_moveit_config) by extension 'ignore'
[0.210s] Level 1:colcon.colcon_core.package_discovery:discover_packages(recursive) using defaults
[0.210s] Level 1:colcon.colcon_core.package_discovery:discover_packages(ignore) discover
[0.210s] Level 1:colcon.colcon_core.package_discovery:discover_packages(ignore) using defaults
[0.210s] Level 1:colcon.colcon_core.package_identification:_identify(src/roboflex_moveit_config) by extension 'ignore_ament_install'
[0.210s] Level 1:colcon.colcon_core.package_discovery:discover_packages(path) discover
[0.210s] Level 1:colcon.colcon_core.package_discovery:discover_packages(path) using defaults
[0.210s] Level 1:colcon.colcon_core.package_identification:_identify(src/roboflex_moveit_config) by extensions ['colcon_pkg']
[0.210s] Level 1:colcon.colcon_core.package_identification:_identify(src/roboflex_moveit_config) by extension 'colcon_pkg'
[0.210s] Level 1:colcon.colcon_core.package_identification:_identify(src/roboflex_moveit_config) by extensions ['colcon_meta']
[0.210s] Level 1:colcon.colcon_core.package_identification:_identify(src/roboflex_moveit_config) by extension 'colcon_meta'
[0.210s] Level 1:colcon.colcon_core.package_identification:_identify(src/roboflex_moveit_config) by extensions ['ros']
[0.211s] Level 1:colcon.colcon_core.package_identification:_identify(src/roboflex_moveit_config) by extension 'ros'
[0.211s] DEBUG:colcon.colcon_core.package_identification:Package 'src/roboflex_moveit_config' with type 'ros.ament_cmake' and name 'roboflex_moveit_config'
[0.212s] Level 1:colcon.colcon_core.package_identification:_identify(src/srdfdom-2.0.4) by extensions ['ignore', 'ignore_ament_install']
[0.212s] Level 1:colcon.colcon_core.package_identification:_identify(src/srdfdom-2.0.4) by extension 'ignore'
[0.212s] Level 1:colcon.colcon_core.package_identification:_identify(src/srdfdom-2.0.4) by extension 'ignore_ament_install'
[0.212s] Level 1:colcon.colcon_core.package_identification:_identify(src/srdfdom-2.0.4) by extensions ['colcon_pkg']
[0.212s] Level 1:colcon.colcon_core.package_identification:_identify(src/srdfdom-2.0.4) by extension 'colcon_pkg'
[0.212s] Level 1:colcon.colcon_core.package_identification:_identify(src/srdfdom-2.0.4) by extensions ['colcon_meta']
[0.212s] Level 1:colcon.colcon_core.package_identification:_identify(src/srdfdom-2.0.4) by extension 'colcon_meta'
[0.212s] Level 1:colcon.colcon_core.package_identification:_identify(src/srdfdom-2.0.4) by extensions ['ros']
[0.212s] Level 1:colcon.colcon_core.package_identification:_identify(src/srdfdom-2.0.4) by extension 'ros'
[0.213s] DEBUG:colcon.colcon_core.package_identification:Package 'src/srdfdom-2.0.4' with type 'ros.ament_cmake' and name 'srdfdom'
[0.213s] Level 1:colcon.colcon_core.package_discovery:discover_packages(recursive) using defaults
[0.213s] Level 1:colcon.colcon_core.package_discovery:discover_packages(ignore) discover
[0.213s] Level 1:colcon.colcon_core.package_discovery:discover_packages(ignore) using defaults
[0.213s] Level 1:colcon.colcon_core.package_discovery:discover_packages(path) discover
[0.213s] Level 1:colcon.colcon_core.package_discovery:discover_packages(path) using defaults
[0.217s] Level 1:colcon.colcon_core.package_identification:_identify(.) by extensions ['cmake', 'python']
[0.217s] Level 1:colcon.colcon_core.package_identification:_identify(.) by extension 'cmake'
[0.217s] Level 1:colcon.colcon_core.package_identification:_identify(.) by extension 'python'
[0.217s] Level 1:colcon.colcon_core.package_identification:_identify(.) by extensions ['python_setup_py']
[0.217s] Level 1:colcon.colcon_core.package_identification:_identify(.) by extension 'python_setup_py'
[0.217s] Level 1:colcon.colcon_core.package_identification:_identify(build) by extensions ['ignore', 'ignore_ament_install']
[0.217s] Level 1:colcon.colcon_core.package_identification:_identify(build) by extension 'ignore'
[0.218s] Level 1:colcon.colcon_core.package_identification:_identify(build) ignored
[0.218s] Level 1:colcon.colcon_core.package_identification:_identify(install) by extensions ['ignore', 'ignore_ament_install']
[0.218s] Level 1:colcon.colcon_core.package_identification:_identify(install) by extension 'ignore'
[0.218s] Level 1:colcon.colcon_core.package_identification:_identify(install) ignored
[0.218s] Level 1:colcon.colcon_core.package_identification:_identify(log) by extensions ['ignore', 'ignore_ament_install']
[0.218s] Level 1:colcon.colcon_core.package_identification:_identify(log) by extension 'ignore'
[0.218s] Level 1:colcon.colcon_core.package_identification:_identify(log) ignored
[0.218s] Level 1:colcon.colcon_core.package_identification:_identify(src) by extensions ['ignore', 'ignore_ament_install']
[0.218s] Level 1:colcon.colcon_core.package_identification:_identify(src) by extension 'ignore'
[0.218s] Level 1:colcon.colcon_core.package_identification:_identify(src) by extension 'ignore_ament_install'
[0.218s] Level 1:colcon.colcon_core.package_identification:_identify(src) by extensions ['colcon_pkg']
[0.218s] Level 1:colcon.colcon_core.package_identification:_identify(src) by extension 'colcon_pkg'
[0.218s] Level 1:colcon.colcon_core.package_identification:_identify(src) by extensions ['colcon_meta']
[0.218s] Level 1:colcon.colcon_core.package_identification:_identify(src) by extension 'colcon_meta'
[0.219s] Level 1:colcon.colcon_core.package_identification:_identify(src) by extensions ['ros']
[0.219s] Level 1:colcon.colcon_core.package_identification:_identify(src) by extension 'ros'
[0.219s] Level 1:colcon.colcon_core.package_identification:_identify(src) by extensions ['cmake', 'python']
[0.219s] Level 1:colcon.colcon_core.package_identification:_identify(src) by extension 'cmake'
[0.219s] Level 1:colcon.colcon_core.package_identification:_identify(src) by extension 'python'
[0.219s] Level 1:colcon.colcon_core.package_identification:_identify(src) by extensions ['python_setup_py']
[0.219s] Level 1:colcon.colcon_core.package_identification:_identify(src) by extension 'python_setup_py'
[0.219s] Level 1:colcon.colcon_core.package_identification:_identify(src/bras_robot_description) by extensions ['ignore', 'ignore_ament_install']
[0.219s] Level 1:colcon.colcon_core.package_identification:_identify(src/bras_robot_description) by extension 'ignore'
[0.219s] Level 1:colcon.colcon_core.package_identification:_identify(src/bras_robot_description) by extension 'ignore_ament_install'
[0.219s] Level 1:colcon.colcon_core.package_identification:_identify(src/bras_robot_description) by extensions ['colcon_pkg']
[0.219s] Level 1:colcon.colcon_core.package_identification:_identify(src/bras_robot_description) by extension 'colcon_pkg'
[0.219s] Level 1:colcon.colcon_core.package_identification:_identify(src/bras_robot_description) by extensions ['colcon_meta']
[0.219s] Level 1:colcon.colcon_core.package_identification:_identify(src/bras_robot_description) by extension 'colcon_meta'
[0.219s] Level 1:colcon.colcon_core.package_identification:_identify(src/bras_robot_description) by extensions ['ros']
[0.219s] Level 1:colcon.colcon_core.package_identification:_identify(src/bras_robot_description) by extension 'ros'
[0.222s] DEBUG:colcon.colcon_core.package_identification:Package 'src/bras_robot_description' with type 'ros.ament_cmake' and name 'bras_robot_description'
[0.222s] Level 1:colcon.colcon_core.package_identification:_identify(src/dynamixel_hardware) by extensions ['ignore', 'ignore_ament_install']
[0.222s] Level 1:colcon.colcon_core.package_identification:_identify(src/dynamixel_hardware) by extension 'ignore'
[0.222s] Level 1:colcon.colcon_core.package_identification:_identify(src/dynamixel_hardware) by extension 'ignore_ament_install'
[0.222s] Level 1:colcon.colcon_core.package_identification:_identify(src/dynamixel_hardware) by extensions ['colcon_pkg']
[0.222s] Level 1:colcon.colcon_core.package_identification:_identify(src/dynamixel_hardware) by extension 'colcon_pkg'
[0.223s] Level 1:colcon.colcon_core.package_identification:_identify(src/dynamixel_hardware) by extensions ['colcon_meta']
[0.223s] Level 1:colcon.colcon_core.package_identification:_identify(src/dynamixel_hardware) by extension 'colcon_meta'
[0.223s] Level 1:colcon.colcon_core.package_identification:_identify(src/dynamixel_hardware) by extensions ['ros']
[0.223s] Level 1:colcon.colcon_core.package_identification:_identify(src/dynamixel_hardware) by extension 'ros'
[0.224s] DEBUG:colcon.colcon_core.package_identification:Package 'src/dynamixel_hardware' with type 'ros.ament_cmake' and name 'dynamixel_hardware'
[0.224s] Level 1:colcon.colcon_core.package_identification:_identify(src/roboflex_description) by extensions ['ignore', 'ignore_ament_install']
[0.224s] Level 1:colcon.colcon_core.package_identification:_identify(src/roboflex_description) by extension 'ignore'
[0.224s] Level 1:colcon.colcon_core.package_identification:_identify(src/roboflex_description) by extension 'ignore_ament_install'
[0.224s] Level 1:colcon.colcon_core.package_identification:_identify(src/roboflex_description) by extensions ['colcon_pkg']
[0.224s] Level 1:colcon.colcon_core.package_identification:_identify(src/roboflex_description) by extension 'colcon_pkg'
[0.224s] Level 1:colcon.colcon_core.package_identification:_identify(src/roboflex_description) by extensions ['colcon_meta']
[0.224s] Level 1:colcon.colcon_core.package_identification:_identify(src/roboflex_description) by extension 'colcon_meta'
[0.224s] Level 1:colcon.colcon_core.package_identification:_identify(src/roboflex_description) by extensions ['ros']
[0.224s] Level 1:colcon.colcon_core.package_identification:_identify(src/roboflex_description) by extension 'ros'
[0.225s] DEBUG:colcon.colcon_core.package_identification:Package 'src/roboflex_description' with type 'ros.ament_cmake' and name 'roboflex_description'
[0.225s] Level 1:colcon.colcon_core.package_identification:_identify(src/roboflex_moveit_config) by extensions ['ignore', 'ignore_ament_install']
[0.225s] Level 1:colcon.colcon_core.package_identification:_identify(src/roboflex_moveit_config) by extension 'ignore'
[0.225s] Level 1:colcon.colcon_core.package_identification:_identify(src/roboflex_moveit_config) by extension 'ignore_ament_install'
[0.225s] Level 1:colcon.colcon_core.package_identification:_identify(src/roboflex_moveit_config) by extensions ['colcon_pkg']
[0.225s] Level 1:colcon.colcon_core.package_identification:_identify(src/roboflex_moveit_config) by extension 'colcon_pkg'
[0.225s] Level 1:colcon.colcon_core.package_identification:_identify(src/roboflex_moveit_config) by extensions ['colcon_meta']
[0.225s] Level 1:colcon.colcon_core.package_identification:_identify(src/roboflex_moveit_config) by extension 'colcon_meta'
[0.225s] Level 1:colcon.colcon_core.package_identification:_identify(src/roboflex_moveit_config) by extensions ['ros']
[0.225s] Level 1:colcon.colcon_core.package_identification:_identify(src/roboflex_moveit_config) by extension 'ros'
[0.226s] DEBUG:colcon.colcon_core.package_identification:Package 'src/roboflex_moveit_config' with type 'ros.ament_cmake' and name 'roboflex_moveit_config'
[0.226s] Level 1:colcon.colcon_core.package_identification:_identify(src/srdfdom-2.0.4) by extensions ['ignore', 'ignore_ament_install']
[0.226s] Level 1:colcon.colcon_core.package_identification:_identify(src/srdfdom-2.0.4) by extension 'ignore'
[0.226s] Level 1:colcon.colcon_core.package_identification:_identify(src/srdfdom-2.0.4) by extension 'ignore_ament_install'
[0.226s] Level 1:colcon.colcon_core.package_identification:_identify(src/srdfdom-2.0.4) by extensions ['colcon_pkg']
[0.226s] Level 1:colcon.colcon_core.package_identification:_identify(src/srdfdom-2.0.4) by extension 'colcon_pkg'
[0.226s] Level 1:colcon.colcon_core.package_identification:_identify(src/srdfdom-2.0.4) by extensions ['colcon_meta']
[0.226s] Level 1:colcon.colcon_core.package_identification:_identify(src/srdfdom-2.0.4) by extension 'colcon_meta'
[0.227s] Level 1:colcon.colcon_core.package_identification:_identify(src/srdfdom-2.0.4) by extensions ['ros']
[0.227s] Level 1:colcon.colcon_core.package_identification:_identify(src/srdfdom-2.0.4) by extension 'ros'
[0.227s] DEBUG:colcon.colcon_core.package_identification:Package 'src/srdfdom-2.0.4' with type 'ros.ament_cmake' and name 'srdfdom'
[0.227s] Level 1:colcon.colcon_core.package_discovery:discover_packages(recursive) using defaults
[0.228s] Level 1:colcon.colcon_core.package_discovery:discover_packages(ignore) discover
[0.228s] Level 1:colcon.colcon_core.package_discovery:discover_packages(ignore) using defaults
[0.228s] Level 1:colcon.colcon_core.package_discovery:discover_packages(path) discover
[0.228s] Level 1:colcon.colcon_core.package_discovery:discover_packages(path) using defaults
[0.231s] Level 1:colcon.colcon_core.package_discovery:discover_packages(prefix_path) check parameters
[0.231s] Level 1:colcon.colcon_core.package_discovery:discover_packages(prefix_path) discover
[0.234s] DEBUG:colcon.colcon_installed_package_information.package_discovery:Found 366 installed packages in /opt/ros/jazzy
[0.234s] Level 1:colcon.colcon_core.package_discovery:discover_packages(prefix_path) check parameters
[0.234s] Level 1:colcon.colcon_core.package_discovery:discover_packages(prefix_path) discover
[0.236s] Level 1:colcon.colcon_core.package_discovery:discover_packages(prefix_path) using defaults
[0.237s] DEBUG:colcon.colcon_installed_package_information.package_discovery:Found 366 installed packages in /opt/ros/jazzy
[0.239s] Level 1:colcon.colcon_core.package_discovery:discover_packages(prefix_path) using defaults
[0.247s] Level 1:colcon.colcon_core.package_discovery:discover_packages(prefix_path) check parameters
[0.247s] Level 1:colcon.colcon_core.package_discovery:discover_packages(prefix_path) discover
[0.251s] DEBUG:colcon.colcon_installed_package_information.package_discovery:Found 366 installed packages in /opt/ros/jazzy
[0.252s] Level 1:colcon.colcon_core.package_discovery:discover_packages(prefix_path) using defaults
[0.292s] Level 5:colcon.colcon_core.verb:set package 'bras_robot_description' build argument 'cmake_args' from command line to 'None'
[0.292s] Level 5:colcon.colcon_core.verb:set package 'bras_robot_description' build argument 'cmake_target' from command line to 'None'
[0.292s] Level 5:colcon.colcon_core.verb:set package 'bras_robot_description' build argument 'cmake_target_skip_unavailable' from command line to 'False'
[0.292s] Level 5:colcon.colcon_core.verb:set package 'bras_robot_description' build argument 'cmake_clean_cache' from command line to 'False'
[0.292s] Level 5:colcon.colcon_core.verb:set package 'bras_robot_description' build argument 'cmake_clean_first' from command line to 'False'
[0.292s] Level 5:colcon.colcon_core.verb:set package 'bras_robot_description' build argument 'cmake_force_configure' from command line to 'False'
[0.292s] Level 5:colcon.colcon_core.verb:set package 'bras_robot_description' build argument 'ament_cmake_args' from command line to 'None'
[0.292s] Level 5:colcon.colcon_core.verb:set package 'bras_robot_description' build argument 'catkin_cmake_args' from command line to 'None'
[0.292s] Level 5:colcon.colcon_core.verb:set package 'bras_robot_description' build argument 'catkin_skip_building_tests' from command line to 'False'
[0.292s] DEBUG:colcon.colcon_core.verb:Building package 'bras_robot_description' with the following arguments: {'ament_cmake_args': None, 'build_base': '/home/muneeb/RoboFlexv2.0/brainswarm_ws/build/bras_robot_description', 'catkin_cmake_args': None, 'catkin_skip_building_tests': False, 'cmake_args': None, 'cmake_clean_cache': False, 'cmake_clean_first': False, 'cmake_force_configure': False, 'cmake_target': None, 'cmake_target_skip_unavailable': False, 'install_base': '/home/muneeb/RoboFlexv2.0/brainswarm_ws/install/bras_robot_description', 'merge_install': False, 'path': '/home/muneeb/RoboFlexv2.0/brainswarm_ws/src/bras_robot_description', 'symlink_install': False, 'test_result_base': None}
[0.292s] Level 5:colcon.colcon_core.verb:set package 'dynamixel_hardware' build argument 'cmake_args' from command line to 'None'
[0.292s] Level 5:colcon.colcon_core.verb:set package 'dynamixel_hardware' build argument 'cmake_target' from command line to 'None'
[0.292s] Level 5:colcon.colcon_core.verb:set package 'dynamixel_hardware' build argument 'cmake_target_skip_unavailable' from command line to 'False'
[0.292s] Level 5:colcon.colcon_core.verb:set package 'dynamixel_hardware' build argument 'cmake_clean_cache' from command line to 'False'
[0.292s] Level 5:colcon.colcon_core.verb:set package 'dynamixel_hardware' build argument 'cmake_clean_first' from command line to 'False'
[0.292s] Level 5:colcon.colcon_core.verb:set package 'dynamixel_hardware' build argument 'cmake_force_configure' from command line to 'False'
[0.292s] Level 5:colcon.colcon_core.verb:set package 'dynamixel_hardware' build argument 'ament_cmake_args' from command line to 'None'
[0.292s] Level 5:colcon.colcon_core.verb:set package 'dynamixel_hardware' build argument 'catkin_cmake_args' from command line to 'None'
[0.292s] Level 5:colcon.colcon_core.verb:set package 'dynamixel_hardware' build argument 'catkin_skip_building_tests' from command line to 'False'
[0.293s] DEBUG:colcon.colcon_core.verb:Building package 'dynamixel_hardware' with the following arguments: {'ament_cmake_args': None, 'build_base': '/home/muneeb/RoboFlexv2.0/brainswarm_ws/build/dynamixel_hardware', 'catkin_cmake_args': None, 'catkin_skip_building_tests': False, 'cmake_args': None, 'cmake_clean_cache': False, 'cmake_clean_first': False, 'cmake_force_configure': False, 'cmake_target': None, 'cmake_target_skip_unavailable': False, 'install_base': '/home/muneeb/RoboFlexv2.0/brainswarm_ws/install/dynamixel_hardware', 'merge_install': False, 'path': '/home/muneeb/RoboFlexv2.0/brainswarm_ws/src/dynamixel_hardware', 'symlink_install': False, 'test_result_base': None}
[0.293s] Level 5:colcon.colcon_core.verb:set package 'roboflex_description' build argument 'cmake_args' from command line to 'None'
[0.293s] Level 5:colcon.colcon_core.verb:set package 'roboflex_description' build argument 'cmake_target' from command line to 'None'
[0.293s] Level 5:colcon.colcon_core.verb:set package 'roboflex_description' build argument 'cmake_target_skip_unavailable' from command line to 'False'
[0.293s] Level 5:colcon.colcon_core.verb:set package 'roboflex_description' build argument 'cmake_clean_cache' from command line to 'False'
[0.293s] Level 5:colcon.colcon_core.verb:set package 'roboflex_description' build argument 'cmake_clean_first' from command line to 'False'
[0.293s] Level 5:colcon.colcon_core.verb:set package 'roboflex_description' build argument 'cmake_force_configure' from command line to 'False'
[0.293s] Level 5:colcon.colcon_core.verb:set package 'roboflex_description' build argument 'ament_cmake_args' from command line to 'None'
[0.293s] Level 5:colcon.colcon_core.verb:set package 'roboflex_description' build argument 'catkin_cmake_args' from command line to 'None'
[0.293s] Level 5:colcon.colcon_core.verb:set package 'roboflex_description' build argument 'catkin_skip_building_tests' from command line to 'False'
[0.293s] DEBUG:colcon.colcon_core.verb:Building package 'roboflex_description' with the following arguments: {'ament_cmake_args': None, 'build_base': '/home/muneeb/RoboFlexv2.0/brainswarm_ws/build/roboflex_description', 'catkin_cmake_args': None, 'catkin_skip_building_tests': False, 'cmake_args': None, 'cmake_clean_cache': False, 'cmake_clean_first': False, 'cmake_force_configure': False, 'cmake_target': None, 'cmake_target_skip_unavailable': False, 'install_base': '/home/muneeb/RoboFlexv2.0/brainswarm_ws/install/roboflex_description', 'merge_install': False, 'path': '/home/muneeb/RoboFlexv2.0/brainswarm_ws/src/roboflex_description', 'symlink_install': False, 'test_result_base': None}
[0.293s] Level 5:colcon.colcon_core.verb:set package 'srdfdom' build argument 'cmake_args' from command line to 'None'
[0.293s] Level 5:colcon.colcon_core.verb:set package 'srdfdom' build argument 'cmake_target' from command line to 'None'
[0.293s] Level 5:colcon.colcon_core.verb:set package 'srdfdom' build argument 'cmake_target_skip_unavailable' from command line to 'False'
[0.293s] Level 5:colcon.colcon_core.verb:set package 'srdfdom' build argument 'cmake_clean_cache' from command line to 'False'
[0.293s] Level 5:colcon.colcon_core.verb:set package 'srdfdom' build argument 'cmake_clean_first' from command line to 'False'
[0.293s] Level 5:colcon.colcon_core.verb:set package 'srdfdom' build argument 'cmake_force_configure' from command line to 'False'
[0.293s] Level 5:colcon.colcon_core.verb:set package 'srdfdom' build argument 'ament_cmake_args' from command line to 'None'
[0.293s] Level 5:colcon.colcon_core.verb:set package 'srdfdom' build argument 'catkin_cmake_args' from command line to 'None'
[0.293s] Level 5:colcon.colcon_core.verb:set package 'srdfdom' build argument 'catkin_skip_building_tests' from command line to 'False'
[0.294s] DEBUG:colcon.colcon_core.verb:Building package 'srdfdom' with the following arguments: {'ament_cmake_args': None, 'build_base': '/home/muneeb/RoboFlexv2.0/brainswarm_ws/build/srdfdom', 'catkin_cmake_args': None, 'catkin_skip_building_tests': False, 'cmake_args': None, 'cmake_clean_cache': False, 'cmake_clean_first': False, 'cmake_force_configure': False, 'cmake_target': None, 'cmake_target_skip_unavailable': False, 'install_base': '/home/muneeb/RoboFlexv2.0/brainswarm_ws/install/srdfdom', 'merge_install': False, 'path': '/home/muneeb/RoboFlexv2.0/brainswarm_ws/src/srdfdom-2.0.4', 'symlink_install': False, 'test_result_base': None}
[0.294s] Level 5:colcon.colcon_core.verb:set package 'roboflex_moveit_config' build argument 'cmake_args' from command line to 'None'
[0.294s] Level 5:colcon.colcon_core.verb:set package 'roboflex_moveit_config' build argument 'cmake_target' from command line to 'None'
[0.294s] Level 5:colcon.colcon_core.verb:set package 'roboflex_moveit_config' build argument 'cmake_target_skip_unavailable' from command line to 'False'
[0.294s] Level 5:colcon.colcon_core.verb:set package 'roboflex_moveit_config' build argument 'cmake_clean_cache' from command line to 'False'
[0.294s] Level 5:colcon.colcon_core.verb:set package 'roboflex_moveit_config' build argument 'cmake_clean_first' from command line to 'False'
[0.294s] Level 5:colcon.colcon_core.verb:set package 'roboflex_moveit_config' build argument 'cmake_force_configure' from command line to 'False'
[0.294s] Level 5:colcon.colcon_core.verb:set package 'roboflex_moveit_config' build argument 'ament_cmake_args' from command line to 'None'
[0.294s] Level 5:colcon.colcon_core.verb:set package 'roboflex_moveit_config' build argument 'catkin_cmake_args' from command line to 'None'
[0.294s] Level 5:colcon.colcon_core.verb:set package 'roboflex_moveit_config' build argument 'catkin_skip_building_tests' from command line to 'False'
[0.294s] DEBUG:colcon.colcon_core.verb:Building package 'roboflex_moveit_config' with the following arguments: {'ament_cmake_args': None, 'build_base': '/home/muneeb/RoboFlexv2.0/brainswarm_ws/build/roboflex_moveit_config', 'catkin_cmake_args': None, 'catkin_skip_building_tests': False, 'cmake_args': None, 'cmake_clean_cache': False, 'cmake_clean_first': False, 'cmake_force_configure': False, 'cmake_target': None, 'cmake_target_skip_unavailable': False, 'install_base': '/home/muneeb/RoboFlexv2.0/brainswarm_ws/install/roboflex_moveit_config', 'merge_install': False, 'path': '/home/muneeb/RoboFlexv2.0/brainswarm_ws/src/roboflex_moveit_config', 'symlink_install': False, 'test_result_base': None}
[0.294s] INFO:colcon.colcon_core.executor:Executing jobs using 'parallel' executor
[0.295s] Level 5:colcon.colcon_core.verb:set package 'bras_robot_description' build argument 'cmake_args' from command line to 'None'
[0.295s] DEBUG:colcon.colcon_parallel_executor.executor.parallel:run_until_complete
[0.295s] Level 5:colcon.colcon_core.verb:set package 'bras_robot_description' build argument 'cmake_target' from command line to 'None'
[0.295s] Level 5:colcon.colcon_core.verb:set package 'bras_robot_description' build argument 'cmake_target_skip_unavailable' from command line to 'False'
[0.295s] Level 5:colcon.colcon_core.verb:set package 'bras_robot_description' build argument 'cmake_clean_cache' from command line to 'False'
[0.295s] Level 5:colcon.colcon_core.verb:set package 'bras_robot_description' build argument 'cmake_clean_first' from command line to 'False'
[0.295s] Level 5:colcon.colcon_core.verb:set package 'bras_robot_description' build argument 'cmake_force_configure' from command line to 'False'
[0.295s] INFO:colcon.colcon_ros.task.ament_cmake.build:Building ROS package in '/home/muneeb/RoboFlexv2.0/brainswarm_ws/src/roboflex_description' with build type 'ament_cmake'
[0.295s] Level 5:colcon.colcon_core.verb:set package 'bras_robot_description' build argument 'ament_cmake_args' from command line to 'None'
[0.295s] Level 5:colcon.colcon_core.verb:set package 'bras_robot_description' build argument 'catkin_cmake_args' from command line to 'None'
[0.295s] Level 5:colcon.colcon_core.verb:set package 'bras_robot_description' build argument 'catkin_skip_building_tests' from command line to 'False'
[0.295s] DEBUG:colcon.colcon_core.verb:Building package 'bras_robot_description' with the following arguments: {'ament_cmake_args': None, 'build_base': '/home/muneeb/RoboFlexv2.0/brainswarm_ws/build/bras_robot_description', 'catkin_cmake_args': None, 'catkin_skip_building_tests': False, 'cmake_args': None, 'cmake_clean_cache': False, 'cmake_clean_first': False, 'cmake_force_configure': False, 'cmake_target': None, 'cmake_target_skip_unavailable': False, 'install_base': '/home/muneeb/RoboFlexv2.0/brainswarm_ws/install/bras_robot_description', 'merge_install': False, 'path': '/home/muneeb/RoboFlexv2.0/brainswarm_ws/src/bras_robot_description', 'symlink_install': False, 'test_result_base': None}
[0.295s] INFO:colcon.colcon_cmake.task.cmake.build:Building CMake package in '/home/muneeb/RoboFlexv2.0/brainswarm_ws/src/roboflex_description'
[0.296s] Level 5:colcon.colcon_core.verb:set package 'dynamixel_hardware' build argument 'cmake_args' from command line to 'None'
[0.296s] Level 5:colcon.colcon_core.verb:set package 'dynamixel_hardware' build argument 'cmake_target' from command line to 'None'
[0.296s] Level 5:colcon.colcon_core.verb:set package 'dynamixel_hardware' build argument 'cmake_target_skip_unavailable' from command line to 'False'
[0.296s] Level 5:colcon.colcon_core.verb:set package 'dynamixel_hardware' build argument 'cmake_clean_cache' from command line to 'False'
[0.296s] Level 5:colcon.colcon_core.verb:set package 'dynamixel_hardware' build argument 'cmake_clean_first' from command line to 'False'
[0.296s] Level 5:colcon.colcon_core.verb:set package 'dynamixel_hardware' build argument 'cmake_force_configure' from command line to 'False'
[0.296s] Level 5:colcon.colcon_core.verb:set package 'dynamixel_hardware' build argument 'ament_cmake_args' from command line to 'None'
[0.296s] Level 5:colcon.colcon_core.verb:set package 'dynamixel_hardware' build argument 'catkin_cmake_args' from command line to 'None'
[0.296s] Level 5:colcon.colcon_core.verb:set package 'dynamixel_hardware' build argument 'catkin_skip_building_tests' from command line to 'False'
[0.296s] DEBUG:colcon.colcon_core.verb:Building package 'dynamixel_hardware' with the following arguments: {'ament_cmake_args': None, 'build_base': '/home/muneeb/RoboFlexv2.0/brainswarm_ws/build/dynamixel_hardware', 'catkin_cmake_args': None, 'catkin_skip_building_tests': False, 'cmake_args': None, 'cmake_clean_cache': False, 'cmake_clean_first': False, 'cmake_force_configure': False, 'cmake_target': None, 'cmake_target_skip_unavailable': False, 'install_base': '/home/muneeb/RoboFlexv2.0/brainswarm_ws/install/dynamixel_hardware', 'merge_install': False, 'path': '/home/muneeb/RoboFlexv2.0/brainswarm_ws/src/dynamixel_hardware', 'symlink_install': False, 'test_result_base': None}
[0.296s] Level 5:colcon.colcon_core.verb:set package 'roboflex_description' build argument 'cmake_args' from command line to 'None'
[0.296s] Level 5:colcon.colcon_core.verb:set package 'roboflex_description' build argument 'cmake_target' from command line to 'None'
[0.296s] Level 5:colcon.colcon_core.verb:set package 'roboflex_description' build argument 'cmake_target_skip_unavailable' from command line to 'False'
[0.296s] Level 5:colcon.colcon_core.verb:set package 'roboflex_description' build argument 'cmake_clean_cache' from command line to 'False'
[0.296s] Level 5:colcon.colcon_core.verb:set package 'roboflex_description' build argument 'cmake_clean_first' from command line to 'False'
[0.296s] Level 5:colcon.colcon_core.verb:set package 'roboflex_description' build argument 'cmake_force_configure' from command line to 'False'
[0.296s] Level 5:colcon.colcon_core.verb:set package 'roboflex_description' build argument 'ament_cmake_args' from command line to 'None'
[0.297s] Level 5:colcon.colcon_core.verb:set package 'roboflex_description' build argument 'catkin_cmake_args' from command line to 'None'
[0.297s] Level 5:colcon.colcon_core.verb:set package 'roboflex_description' build argument 'catkin_skip_building_tests' from command line to 'False'
[0.297s] DEBUG:colcon.colcon_core.verb:Building package 'roboflex_description' with the following arguments: {'ament_cmake_args': None, 'build_base': '/home/muneeb/RoboFlexv2.0/brainswarm_ws/build/roboflex_description', 'catkin_cmake_args': None, 'catkin_skip_building_tests': False, 'cmake_args': None, 'cmake_clean_cache': False, 'cmake_clean_first': False, 'cmake_force_configure': False, 'cmake_target': None, 'cmake_target_skip_unavailable': False, 'install_base': '/home/muneeb/RoboFlexv2.0/brainswarm_ws/install/roboflex_description', 'merge_install': False, 'path': '/home/muneeb/RoboFlexv2.0/brainswarm_ws/src/roboflex_description', 'symlink_install': False, 'test_result_base': None}
[0.297s] Level 5:colcon.colcon_core.verb:set package 'srdfdom' build argument 'cmake_args' from command line to 'None'
[0.297s] Level 5:colcon.colcon_core.verb:set package 'srdfdom' build argument 'cmake_target' from command line to 'None'
[0.297s] Level 5:colcon.colcon_core.verb:set package 'srdfdom' build argument 'cmake_target_skip_unavailable' from command line to 'False'
[0.297s] Level 5:colcon.colcon_core.verb:set package 'srdfdom' build argument 'cmake_clean_cache' from command line to 'False'
[0.297s] Level 5:colcon.colcon_core.verb:set package 'srdfdom' build argument 'cmake_clean_first' from command line to 'False'
[0.297s] Level 5:colcon.colcon_core.verb:set package 'srdfdom' build argument 'cmake_force_configure' from command line to 'False'
[0.297s] Level 5:colcon.colcon_core.verb:set package 'srdfdom' build argument 'ament_cmake_args' from command line to 'None'
[0.297s] Level 5:colcon.colcon_core.verb:set package 'srdfdom' build argument 'catkin_cmake_args' from command line to 'None'
[0.297s] Level 5:colcon.colcon_core.verb:set package 'srdfdom' build argument 'catkin_skip_building_tests' from command line to 'False'
[0.297s] DEBUG:colcon.colcon_core.verb:Building package 'srdfdom' with the following arguments: {'ament_cmake_args': None, 'build_base': '/home/muneeb/RoboFlexv2.0/brainswarm_ws/build/srdfdom', 'catkin_cmake_args': None, 'catkin_skip_building_tests': False, 'cmake_args': None, 'cmake_clean_cache': False, 'cmake_clean_first': False, 'cmake_force_configure': False, 'cmake_target': None, 'cmake_target_skip_unavailable': False, 'install_base': '/home/muneeb/RoboFlexv2.0/brainswarm_ws/install/srdfdom', 'merge_install': False, 'path': '/home/muneeb/RoboFlexv2.0/brainswarm_ws/src/srdfdom-2.0.4', 'symlink_install': False, 'test_result_base': None}
[0.297s] INFO:colcon.colcon_core.plugin_system:Skipping extension 'colcon_core.shell.bat': Not used on non-Windows systems
[0.297s] INFO:colcon.colcon_core.shell:Skip shell extension 'powershell' for command environment: Not usable outside of PowerShell
[0.297s] DEBUG:colcon.colcon_core.shell:Skip shell extension 'dsv' for command environment
[0.298s] Level 5:colcon.colcon_core.verb:set package 'roboflex_moveit_config' build argument 'cmake_args' from command line to 'None'
[0.298s] Level 5:colcon.colcon_core.verb:set package 'roboflex_moveit_config' build argument 'cmake_target' from command line to 'None'
[0.298s] Level 5:colcon.colcon_core.verb:set package 'roboflex_moveit_config' build argument 'cmake_target_skip_unavailable' from command line to 'False'
[0.298s] Level 5:colcon.colcon_core.verb:set package 'roboflex_moveit_config' build argument 'cmake_clean_cache' from command line to 'False'
[0.298s] Level 5:colcon.colcon_core.verb:set package 'roboflex_moveit_config' build argument 'cmake_clean_first' from command line to 'False'
[0.298s] Level 5:colcon.colcon_core.verb:set package 'roboflex_moveit_config' build argument 'cmake_force_configure' from command line to 'False'
[0.298s] Level 5:colcon.colcon_core.verb:set package 'roboflex_moveit_config' build argument 'ament_cmake_args' from command line to 'None'
[0.298s] Level 5:colcon.colcon_core.verb:set package 'roboflex_moveit_config' build argument 'catkin_cmake_args' from command line to 'None'
[0.298s] Level 5:colcon.colcon_core.verb:set package 'roboflex_moveit_config' build argument 'catkin_skip_building_tests' from command line to 'False'
[0.298s] DEBUG:colcon.colcon_core.verb:Building package 'roboflex_moveit_config' with the following arguments: {'ament_cmake_args': None, 'build_base': '/home/muneeb/RoboFlexv2.0/brainswarm_ws/build/roboflex_moveit_config', 'catkin_cmake_args': None, 'catkin_skip_building_tests': False, 'cmake_args': None, 'cmake_clean_cache': False, 'cmake_clean_first': False, 'cmake_force_configure': False, 'cmake_target': None, 'cmake_target_skip_unavailable': False, 'install_base': '/home/muneeb/RoboFlexv2.0/brainswarm_ws/install/roboflex_moveit_config', 'merge_install': False, 'path': '/home/muneeb/RoboFlexv2.0/brainswarm_ws/src/roboflex_moveit_config', 'symlink_install': False, 'test_result_base': None}
[0.298s] INFO:colcon.colcon_core.executor:Executing jobs using 'parallel' executor
[0.299s] DEBUG:colcon.colcon_parallel_executor.executor.parallel:run_until_complete
[0.299s] INFO:colcon.colcon_ros.task.ament_cmake.build:Building ROS package in '/home/muneeb/RoboFlexv2.0/brainswarm_ws/src/roboflex_description' with build type 'ament_cmake'
[0.299s] INFO:colcon.colcon_cmake.task.cmake.build:Building CMake package in '/home/muneeb/RoboFlexv2.0/brainswarm_ws/src/roboflex_description'
[0.301s] INFO:colcon.colcon_ros.task.ament_cmake.build:Building ROS package in '/home/muneeb/RoboFlexv2.0/brainswarm_ws/src/bras_robot_description' with build type 'ament_cmake'
[0.301s] INFO:colcon.colcon_cmake.task.cmake.build:Building CMake package in '/home/muneeb/RoboFlexv2.0/brainswarm_ws/src/bras_robot_description'
[0.301s] INFO:colcon.colcon_core.shell:Skip shell extension 'powershell' for command environment: Not usable outside of PowerShell
[0.301s] DEBUG:colcon.colcon_core.shell:Skip shell extension 'dsv' for command environment
[0.301s] INFO:colcon.colcon_core.plugin_system:Skipping extension 'colcon_core.shell.bat': Not used on non-Windows systems
[0.301s] INFO:colcon.colcon_core.shell:Skip shell extension 'powershell' for command environment: Not usable outside of PowerShell
[0.301s] DEBUG:colcon.colcon_core.shell:Skip shell extension 'dsv' for command environment
[0.305s] INFO:colcon.colcon_ros.task.ament_cmake.build:Building ROS package in '/home/muneeb/RoboFlexv2.0/brainswarm_ws/src/bras_robot_description' with build type 'ament_cmake'
[0.305s] INFO:colcon.colcon_cmake.task.cmake.build:Building CMake package in '/home/muneeb/RoboFlexv2.0/brainswarm_ws/src/bras_robot_description'
[0.305s] INFO:colcon.colcon_ros.task.ament_cmake.build:Building ROS package in '/home/muneeb/RoboFlexv2.0/brainswarm_ws/src/dynamixel_hardware' with build type 'ament_cmake'
[0.306s] INFO:colcon.colcon_cmake.task.cmake.build:Building CMake package in '/home/muneeb/RoboFlexv2.0/brainswarm_ws/src/dynamixel_hardware'
[0.306s] INFO:colcon.colcon_core.shell:Skip shell extension 'powershell' for command environment: Not usable outside of PowerShell
[0.306s] DEBUG:colcon.colcon_core.shell:Skip shell extension 'dsv' for command environment
[0.306s] INFO:colcon.colcon_core.shell:Skip shell extension 'powershell' for command environment: Not usable outside of PowerShell
[0.306s] DEBUG:colcon.colcon_core.shell:Skip shell extension 'dsv' for command environment
[0.309s] INFO:colcon.colcon_ros.task.ament_cmake.build:Building ROS package in '/home/muneeb/RoboFlexv2.0/brainswarm_ws/src/dynamixel_hardware' with build type 'ament_cmake'
[0.309s] INFO:colcon.colcon_ros.task.ament_cmake.build:Building ROS package in '/home/muneeb/RoboFlexv2.0/brainswarm_ws/src/srdfdom-2.0.4' with build type 'ament_cmake'
[0.310s] INFO:colcon.colcon_cmake.task.cmake.build:Building CMake package in '/home/muneeb/RoboFlexv2.0/brainswarm_ws/src/srdfdom-2.0.4'
[0.310s] INFO:colcon.colcon_cmake.task.cmake.build:Building CMake package in '/home/muneeb/RoboFlexv2.0/brainswarm_ws/src/dynamixel_hardware'
[0.310s] INFO:colcon.colcon_core.shell:Skip shell extension 'powershell' for command environment: Not usable outside of PowerShell
[0.310s] INFO:colcon.colcon_core.shell:Skip shell extension 'powershell' for command environment: Not usable outside of PowerShell
[0.310s] DEBUG:colcon.colcon_core.shell:Skip shell extension 'dsv' for command environment
[0.310s] DEBUG:colcon.colcon_core.shell:Skip shell extension 'dsv' for command environment
[0.313s] INFO:colcon.colcon_ros.task.ament_cmake.build:Building ROS package in '/home/muneeb/RoboFlexv2.0/brainswarm_ws/src/srdfdom-2.0.4' with build type 'ament_cmake'
[0.314s] INFO:colcon.colcon_cmake.task.cmake.build:Building CMake package in '/home/muneeb/RoboFlexv2.0/brainswarm_ws/src/srdfdom-2.0.4'
[0.314s] INFO:colcon.colcon_core.shell:Skip shell extension 'powershell' for command environment: Not usable outside of PowerShell
[0.314s] DEBUG:colcon.colcon_core.shell:Skip shell extension 'dsv' for command environment
[0.315s] Level 5:colcon.colcon_core.verb:set package 'bras_robot_description' build argument 'cmake_args' from command line to 'None'
[0.315s] Level 5:colcon.colcon_core.verb:set package 'bras_robot_description' build argument 'cmake_target' from command line to 'None'
[0.315s] Level 5:colcon.colcon_core.verb:set package 'bras_robot_description' build argument 'cmake_target_skip_unavailable' from command line to 'False'
[0.315s] Level 5:colcon.colcon_core.verb:set package 'bras_robot_description' build argument 'cmake_clean_cache' from command line to 'False'
[0.315s] Level 5:colcon.colcon_core.verb:set package 'bras_robot_description' build argument 'cmake_clean_first' from command line to 'False'
[0.315s] Level 5:colcon.colcon_core.verb:set package 'bras_robot_description' build argument 'cmake_force_configure' from command line to 'False'
[0.315s] Level 5:colcon.colcon_core.verb:set package 'bras_robot_description' build argument 'ament_cmake_args' from command line to 'None'
[0.315s] Level 5:colcon.colcon_core.verb:set package 'bras_robot_description' build argument 'catkin_cmake_args' from command line to 'None'
[0.315s] Level 5:colcon.colcon_core.verb:set package 'bras_robot_description' build argument 'catkin_skip_building_tests' from command line to 'False'
[0.315s] DEBUG:colcon.colcon_core.verb:Building package 'bras_robot_description' with the following arguments: {'ament_cmake_args': None, 'build_base': '/home/muneeb/RoboFlexv2.0/brainswarm_ws/build/bras_robot_description', 'catkin_cmake_args': None, 'catkin_skip_building_tests': False, 'cmake_args': None, 'cmake_clean_cache': False, 'cmake_clean_first': False, 'cmake_force_configure': False, 'cmake_target': None, 'cmake_target_skip_unavailable': False, 'install_base': '/home/muneeb/RoboFlexv2.0/brainswarm_ws/install/bras_robot_description', 'merge_install': False, 'path': '/home/muneeb/RoboFlexv2.0/brainswarm_ws/src/bras_robot_description', 'symlink_install': False, 'test_result_base': None}
[0.316s] Level 5:colcon.colcon_core.verb:set package 'dynamixel_hardware' build argument 'cmake_args' from command line to 'None'
[0.316s] Level 5:colcon.colcon_core.verb:set package 'dynamixel_hardware' build argument 'cmake_target' from command line to 'None'
[0.316s] Level 5:colcon.colcon_core.verb:set package 'dynamixel_hardware' build argument 'cmake_target_skip_unavailable' from command line to 'False'
[0.316s] Level 5:colcon.colcon_core.verb:set package 'dynamixel_hardware' build argument 'cmake_clean_cache' from command line to 'False'
[0.316s] Level 5:colcon.colcon_core.verb:set package 'dynamixel_hardware' build argument 'cmake_clean_first' from command line to 'False'
[0.316s] Level 5:colcon.colcon_core.verb:set package 'dynamixel_hardware' build argument 'cmake_force_configure' from command line to 'False'
[0.316s] Level 5:colcon.colcon_core.verb:set package 'dynamixel_hardware' build argument 'ament_cmake_args' from command line to 'None'
[0.316s] Level 5:colcon.colcon_core.verb:set package 'dynamixel_hardware' build argument 'catkin_cmake_args' from command line to 'None'
[0.316s] Level 5:colcon.colcon_core.verb:set package 'dynamixel_hardware' build argument 'catkin_skip_building_tests' from command line to 'False'
[0.316s] DEBUG:colcon.colcon_core.verb:Building package 'dynamixel_hardware' with the following arguments: {'ament_cmake_args': None, 'build_base': '/home/muneeb/RoboFlexv2.0/brainswarm_ws/build/dynamixel_hardware', 'catkin_cmake_args': None, 'catkin_skip_building_tests': False, 'cmake_args': None, 'cmake_clean_cache': False, 'cmake_clean_first': False, 'cmake_force_configure': False, 'cmake_target': None, 'cmake_target_skip_unavailable': False, 'install_base': '/home/muneeb/RoboFlexv2.0/brainswarm_ws/install/dynamixel_hardware', 'merge_install': False, 'path': '/home/muneeb/RoboFlexv2.0/brainswarm_ws/src/dynamixel_hardware', 'symlink_install': False, 'test_result_base': None}
[0.317s] Level 5:colcon.colcon_core.verb:set package 'roboflex_description' build argument 'cmake_args' from command line to 'None'
[0.317s] Level 5:colcon.colcon_core.verb:set package 'roboflex_description' build argument 'cmake_target' from command line to 'None'
[0.317s] Level 5:colcon.colcon_core.verb:set package 'roboflex_description' build argument 'cmake_target_skip_unavailable' from command line to 'False'
[0.317s] Level 5:colcon.colcon_core.verb:set package 'roboflex_description' build argument 'cmake_clean_cache' from command line to 'False'
[0.317s] Level 5:colcon.colcon_core.verb:set package 'roboflex_description' build argument 'cmake_clean_first' from command line to 'False'
[0.317s] Level 5:colcon.colcon_core.verb:set package 'roboflex_description' build argument 'cmake_force_configure' from command line to 'False'
[0.317s] Level 5:colcon.colcon_core.verb:set package 'roboflex_description' build argument 'ament_cmake_args' from command line to 'None'
[0.317s] Level 5:colcon.colcon_core.verb:set package 'roboflex_description' build argument 'catkin_cmake_args' from command line to 'None'
[0.317s] Level 5:colcon.colcon_core.verb:set package 'roboflex_description' build argument 'catkin_skip_building_tests' from command line to 'False'
[0.317s] DEBUG:colcon.colcon_core.verb:Building package 'roboflex_description' with the following arguments: {'ament_cmake_args': None, 'build_base': '/home/muneeb/RoboFlexv2.0/brainswarm_ws/build/roboflex_description', 'catkin_cmake_args': None, 'catkin_skip_building_tests': False, 'cmake_args': None, 'cmake_clean_cache': False, 'cmake_clean_first': False, 'cmake_force_configure': False, 'cmake_target': None, 'cmake_target_skip_unavailable': False, 'install_base': '/home/muneeb/RoboFlexv2.0/brainswarm_ws/install/roboflex_description', 'merge_install': False, 'path': '/home/muneeb/RoboFlexv2.0/brainswarm_ws/src/roboflex_description', 'symlink_install': False, 'test_result_base': None}
[0.317s] Level 5:colcon.colcon_core.verb:set package 'srdfdom' build argument 'cmake_args' from command line to 'None'
[0.317s] Level 5:colcon.colcon_core.verb:set package 'srdfdom' build argument 'cmake_target' from command line to 'None'
[0.317s] Level 5:colcon.colcon_core.verb:set package 'srdfdom' build argument 'cmake_target_skip_unavailable' from command line to 'False'
[0.317s] Level 5:colcon.colcon_core.verb:set package 'srdfdom' build argument 'cmake_clean_cache' from command line to 'False'
[0.317s] Level 5:colcon.colcon_core.verb:set package 'srdfdom' build argument 'cmake_clean_first' from command line to 'False'
[0.318s] Level 5:colcon.colcon_core.verb:set package 'srdfdom' build argument 'cmake_force_configure' from command line to 'False'
[0.318s] Level 5:colcon.colcon_core.verb:set package 'srdfdom' build argument 'ament_cmake_args' from command line to 'None'
[0.318s] Level 5:colcon.colcon_core.verb:set package 'srdfdom' build argument 'catkin_cmake_args' from command line to 'None'
[0.318s] Level 5:colcon.colcon_core.verb:set package 'srdfdom' build argument 'catkin_skip_building_tests' from command line to 'False'
[0.318s] DEBUG:colcon.colcon_core.verb:Building package 'srdfdom' with the following arguments: {'ament_cmake_args': None, 'build_base': '/home/muneeb/RoboFlexv2.0/brainswarm_ws/build/srdfdom', 'catkin_cmake_args': None, 'catkin_skip_building_tests': False, 'cmake_args': None, 'cmake_clean_cache': False, 'cmake_clean_first': False, 'cmake_force_configure': False, 'cmake_target': None, 'cmake_target_skip_unavailable': False, 'install_base': '/home/muneeb/RoboFlexv2.0/brainswarm_ws/install/srdfdom', 'merge_install': False, 'path': '/home/muneeb/RoboFlexv2.0/brainswarm_ws/src/srdfdom-2.0.4', 'symlink_install': False, 'test_result_base': None}
[0.318s] Level 5:colcon.colcon_core.verb:set package 'roboflex_moveit_config' build argument 'cmake_args' from command line to 'None'
[0.318s] Level 5:colcon.colcon_core.verb:set package 'roboflex_moveit_config' build argument 'cmake_target' from command line to 'None'
[0.318s] DEBUG:colcon.colcon_core.event_handler.log_command:Invoking command in '/home/muneeb/RoboFlexv2.0/brainswarm_ws/build/roboflex_description': CMAKE_PREFIX_PATH=${CMAKE_PREFIX_PATH}:/opt/ros/jazzy DEBUGINFOD_URLS=https://debuginfod.neon.kde.org/ https://debuginfod.ubuntu.com/ /usr/bin/cmake --build /home/muneeb/RoboFlexv2.0/brainswarm_ws/build/roboflex_description -- -j8 -l8
[0.318s] Level 5:colcon.colcon_core.verb:set package 'roboflex_moveit_config' build argument 'cmake_target_skip_unavailable' from command line to 'False'
[0.318s] Level 5:colcon.colcon_core.verb:set package 'roboflex_moveit_config' build argument 'cmake_clean_cache' from command line to 'False'
[0.318s] Level 5:colcon.colcon_core.verb:set package 'roboflex_moveit_config' build argument 'cmake_clean_first' from command line to 'False'
[0.318s] Level 5:colcon.colcon_core.verb:set package 'roboflex_moveit_config' build argument 'cmake_force_configure' from command line to 'False'
[0.318s] Level 5:colcon.colcon_core.verb:set package 'roboflex_moveit_config' build argument 'ament_cmake_args' from command line to 'None'
[0.318s] Level 5:colcon.colcon_core.verb:set package 'roboflex_moveit_config' build argument 'catkin_cmake_args' from command line to 'None'
[0.319s] Level 5:colcon.colcon_core.verb:set package 'roboflex_moveit_config' build argument 'catkin_skip_building_tests' from command line to 'False'
[0.319s] DEBUG:colcon.colcon_core.verb:Building package 'roboflex_moveit_config' with the following arguments: {'ament_cmake_args': None, 'build_base': '/home/muneeb/RoboFlexv2.0/brainswarm_ws/build/roboflex_moveit_config', 'catkin_cmake_args': None, 'catkin_skip_building_tests': False, 'cmake_args': None, 'cmake_clean_cache': False, 'cmake_clean_first': False, 'cmake_force_configure': False, 'cmake_target': None, 'cmake_target_skip_unavailable': False, 'install_base': '/home/muneeb/RoboFlexv2.0/brainswarm_ws/install/roboflex_moveit_config', 'merge_install': False, 'path': '/home/muneeb/RoboFlexv2.0/brainswarm_ws/src/roboflex_moveit_config', 'symlink_install': False, 'test_result_base': None}
[0.319s] INFO:colcon.colcon_core.executor:Executing jobs using 'parallel' executor
[0.320s] DEBUG:colcon.colcon_parallel_executor.executor.parallel:run_until_complete
[0.321s] INFO:colcon.colcon_ros.task.ament_cmake.build:Building ROS package in '/home/muneeb/RoboFlexv2.0/brainswarm_ws/src/roboflex_description' with build type 'ament_cmake'
[0.321s] INFO:colcon.colcon_cmake.task.cmake.build:Building CMake package in '/home/muneeb/RoboFlexv2.0/brainswarm_ws/src/roboflex_description'
[0.323s] DEBUG:colcon.colcon_core.event_handler.log_command:Invoking command in '/home/muneeb/RoboFlexv2.0/brainswarm_ws/build/bras_robot_description': CMAKE_PREFIX_PATH=${CMAKE_PREFIX_PATH}:/opt/ros/jazzy DEBUGINFOD_URLS=https://debuginfod.neon.kde.org/ https://debuginfod.ubuntu.com/ /usr/bin/cmake --build /home/muneeb/RoboFlexv2.0/brainswarm_ws/build/bras_robot_description -- -j8 -l8
[0.323s] INFO:colcon.colcon_core.plugin_system:Skipping extension 'colcon_core.shell.bat': Not used on non-Windows systems
[0.324s] INFO:colcon.colcon_core.shell:Skip shell extension 'powershell' for command environment: Not usable outside of PowerShell
[0.324s] DEBUG:colcon.colcon_core.shell:Skip shell extension 'dsv' for command environment
[0.325s] DEBUG:colcon.colcon_core.event_handler.log_command:Invoking command in '/home/muneeb/RoboFlexv2.0/brainswarm_ws/build/roboflex_description': CMAKE_PREFIX_PATH=${CMAKE_PREFIX_PATH}:/opt/ros/jazzy DEBUGINFOD_URLS=https://debuginfod.neon.kde.org/ https://debuginfod.ubuntu.com/ /usr/bin/cmake --build /home/muneeb/RoboFlexv2.0/brainswarm_ws/build/roboflex_description -- -j8 -l8
[0.327s] DEBUG:colcon.colcon_core.event_handler.log_command:Invoking command in '/home/muneeb/RoboFlexv2.0/brainswarm_ws/build/dynamixel_hardware': CMAKE_PREFIX_PATH=${CMAKE_PREFIX_PATH}:/opt/ros/jazzy DEBUGINFOD_URLS=https://debuginfod.neon.kde.org/ https://debuginfod.ubuntu.com/ /usr/bin/cmake --build /home/muneeb/RoboFlexv2.0/brainswarm_ws/build/dynamixel_hardware -- -j8 -l8
[0.328s] DEBUG:colcon.colcon_core.event_handler.log_command:Invoking command in '/home/muneeb/RoboFlexv2.0/brainswarm_ws/build/bras_robot_description': CMAKE_PREFIX_PATH=${CMAKE_PREFIX_PATH}:/opt/ros/jazzy DEBUGINFOD_URLS=https://debuginfod.neon.kde.org/ https://debuginfod.ubuntu.com/ /usr/bin/cmake --build /home/muneeb/RoboFlexv2.0/brainswarm_ws/build/bras_robot_description -- -j8 -l8
[0.329s] INFO:colcon.colcon_ros.task.ament_cmake.build:Building ROS package in '/home/muneeb/RoboFlexv2.0/brainswarm_ws/src/bras_robot_description' with build type 'ament_cmake'
[0.329s] INFO:colcon.colcon_cmake.task.cmake.build:Building CMake package in '/home/muneeb/RoboFlexv2.0/brainswarm_ws/src/bras_robot_description'
[0.330s] INFO:colcon.colcon_core.shell:Skip shell extension 'powershell' for command environment: Not usable outside of PowerShell
[0.330s] DEBUG:colcon.colcon_core.shell:Skip shell extension 'dsv' for command environment
[0.333s] DEBUG:colcon.colcon_core.event_handler.log_command:Invoking command in '/home/muneeb/RoboFlexv2.0/brainswarm_ws/build/dynamixel_hardware': CMAKE_PREFIX_PATH=${CMAKE_PREFIX_PATH}:/opt/ros/jazzy DEBUGINFOD_URLS=https://debuginfod.neon.kde.org/ https://debuginfod.ubuntu.com/ /usr/bin/cmake --build /home/muneeb/RoboFlexv2.0/brainswarm_ws/build/dynamixel_hardware -- -j8 -l8
[0.339s] DEBUG:colcon.colcon_core.event_handler.log_command:Invoking command in '/home/muneeb/RoboFlexv2.0/brainswarm_ws/build/srdfdom': CMAKE_PREFIX_PATH=${CMAKE_PREFIX_PATH}:/opt/ros/jazzy DEBUGINFOD_URLS=https://debuginfod.neon.kde.org/ https://debuginfod.ubuntu.com/ /usr/bin/cmake --build /home/muneeb/RoboFlexv2.0/brainswarm_ws/build/srdfdom -- -j8 -l8
[0.340s] INFO:colcon.colcon_ros.task.ament_cmake.build:Building ROS package in '/home/muneeb/RoboFlexv2.0/brainswarm_ws/src/dynamixel_hardware' with build type 'ament_cmake'
[0.341s] INFO:colcon.colcon_cmake.task.cmake.build:Building CMake package in '/home/muneeb/RoboFlexv2.0/brainswarm_ws/src/dynamixel_hardware'
[0.341s] INFO:colcon.colcon_core.shell:Skip shell extension 'powershell' for command environment: Not usable outside of PowerShell
[0.341s] DEBUG:colcon.colcon_core.shell:Skip shell extension 'dsv' for command environment
[0.351s] INFO:colcon.colcon_ros.task.ament_cmake.build:Building ROS package in '/home/muneeb/RoboFlexv2.0/brainswarm_ws/src/srdfdom-2.0.4' with build type 'ament_cmake'
[0.352s] INFO:colcon.colcon_cmake.task.cmake.build:Building CMake package in '/home/muneeb/RoboFlexv2.0/brainswarm_ws/src/srdfdom-2.0.4'
[0.352s] INFO:colcon.colcon_core.shell:Skip shell extension 'powershell' for command environment: Not usable outside of PowerShell
[0.353s] DEBUG:colcon.colcon_core.shell:Skip shell extension 'dsv' for command environment
[0.353s] DEBUG:colcon.colcon_core.event_handler.log_command:Invoking command in '/home/muneeb/RoboFlexv2.0/brainswarm_ws/build/srdfdom': CMAKE_PREFIX_PATH=${CMAKE_PREFIX_PATH}:/opt/ros/jazzy DEBUGINFOD_URLS=https://debuginfod.neon.kde.org/ https://debuginfod.ubuntu.com/ /usr/bin/cmake --build /home/muneeb/RoboFlexv2.0/brainswarm_ws/build/srdfdom -- -j8 -l8
[0.367s] DEBUG:colcon.colcon_core.event_handler.log_command:Invoking command in '/home/muneeb/RoboFlexv2.0/brainswarm_ws/build/roboflex_description': CMAKE_PREFIX_PATH=${CMAKE_PREFIX_PATH}:/opt/ros/jazzy DEBUGINFOD_URLS=https://debuginfod.neon.kde.org/ https://debuginfod.ubuntu.com/ /usr/bin/cmake --build /home/muneeb/RoboFlexv2.0/brainswarm_ws/build/roboflex_description -- -j8 -l8
[0.376s] DEBUG:colcon.colcon_core.event_handler.log_command:Invoking command in '/home/muneeb/RoboFlexv2.0/brainswarm_ws/build/bras_robot_description': CMAKE_PREFIX_PATH=${CMAKE_PREFIX_PATH}:/opt/ros/jazzy DEBUGINFOD_URLS=https://debuginfod.neon.kde.org/ https://debuginfod.ubuntu.com/ /usr/bin/cmake --build /home/muneeb/RoboFlexv2.0/brainswarm_ws/build/bras_robot_description -- -j8 -l8
[0.383s] DEBUG:colcon.colcon_core.event_handler.log_command:Invoking command in '/home/muneeb/RoboFlexv2.0/brainswarm_ws/build/dynamixel_hardware': CMAKE_PREFIX_PATH=${CMAKE_PREFIX_PATH}:/opt/ros/jazzy DEBUGINFOD_URLS=https://debuginfod.neon.kde.org/ https://debuginfod.ubuntu.com/ /usr/bin/cmake --build /home/muneeb/RoboFlexv2.0/brainswarm_ws/build/dynamixel_hardware -- -j8 -l8
[0.400s] DEBUG:colcon.colcon_core.event_handler.log_command:Invoking command in '/home/muneeb/RoboFlexv2.0/brainswarm_ws/build/srdfdom': CMAKE_PREFIX_PATH=${CMAKE_PREFIX_PATH}:/opt/ros/jazzy DEBUGINFOD_URLS=https://debuginfod.neon.kde.org/ https://debuginfod.ubuntu.com/ /usr/bin/cmake --build /home/muneeb/RoboFlexv2.0/brainswarm_ws/build/srdfdom -- -j8 -l8
[0.408s] DEBUG:colcon.colcon_core.event_handler.log_command:Invoked command in '/home/muneeb/RoboFlexv2.0/brainswarm_ws/build/roboflex_description' returned '0': CMAKE_PREFIX_PATH=${CMAKE_PREFIX_PATH}:/opt/ros/jazzy DEBUGINFOD_URLS=https://debuginfod.neon.kde.org/ https://debuginfod.ubuntu.com/ /usr/bin/cmake --build /home/muneeb/RoboFlexv2.0/brainswarm_ws/build/roboflex_description -- -j8 -l8
[0.416s] DEBUG:colcon.colcon_core.event_handler.log_command:Invoked command in '/home/muneeb/RoboFlexv2.0/brainswarm_ws/build/bras_robot_description' returned '0': CMAKE_PREFIX_PATH=${CMAKE_PREFIX_PATH}:/opt/ros/jazzy DEBUGINFOD_URLS=https://debuginfod.neon.kde.org/ https://debuginfod.ubuntu.com/ /usr/bin/cmake --build /home/muneeb/RoboFlexv2.0/brainswarm_ws/build/bras_robot_description -- -j8 -l8
[0.438s] DEBUG:colcon.colcon_core.event_handler.log_command:Invoking command in '/home/muneeb/RoboFlexv2.0/brainswarm_ws/build/roboflex_description': CMAKE_PREFIX_PATH=${CMAKE_PREFIX_PATH}:/opt/ros/jazzy DEBUGINFOD_URLS=https://debuginfod.neon.kde.org/ https://debuginfod.ubuntu.com/ /usr/bin/cmake --install /home/muneeb/RoboFlexv2.0/brainswarm_ws/build/roboflex_description
[0.445s] DEBUG:colcon.colcon_core.event_handler.log_command:Invoking command in '/home/muneeb/RoboFlexv2.0/brainswarm_ws/build/bras_robot_description': CMAKE_PREFIX_PATH=${CMAKE_PREFIX_PATH}:/opt/ros/jazzy DEBUGINFOD_URLS=https://debuginfod.neon.kde.org/ https://debuginfod.ubuntu.com/ /usr/bin/cmake --install /home/muneeb/RoboFlexv2.0/brainswarm_ws/build/bras_robot_description
[0.451s] DEBUG:colcon.colcon_core.event_handler.log_command:Invoked command in '/home/muneeb/RoboFlexv2.0/brainswarm_ws/build/bras_robot_description' returned '0': CMAKE_PREFIX_PATH=${CMAKE_PREFIX_PATH}:/opt/ros/jazzy DEBUGINFOD_URLS=https://debuginfod.neon.kde.org/ https://debuginfod.ubuntu.com/ /usr/bin/cmake --build /home/muneeb/RoboFlexv2.0/brainswarm_ws/build/bras_robot_description -- -j8 -l8
[0.451s] DEBUG:colcon.colcon_core.event_handler.log_command:Invoking command in '/home/muneeb/RoboFlexv2.0/brainswarm_ws/build/bras_robot_description': CMAKE_PREFIX_PATH=${CMAKE_PREFIX_PATH}:/opt/ros/jazzy DEBUGINFOD_URLS=https://debuginfod.neon.kde.org/ https://debuginfod.ubuntu.com/ /usr/bin/cmake --install /home/muneeb/RoboFlexv2.0/brainswarm_ws/build/bras_robot_description
[0.457s] DEBUG:colcon.colcon_core.event_handler.log_command:Invoked command in '/home/muneeb/RoboFlexv2.0/brainswarm_ws/build/roboflex_description' returned '0': CMAKE_PREFIX_PATH=${CMAKE_PREFIX_PATH}:/opt/ros/jazzy DEBUGINFOD_URLS=https://debuginfod.neon.kde.org/ https://debuginfod.ubuntu.com/ /usr/bin/cmake --build /home/muneeb/RoboFlexv2.0/brainswarm_ws/build/roboflex_description -- -j8 -l8
[0.458s] DEBUG:colcon.colcon_core.event_handler.log_command:Invoking command in '/home/muneeb/RoboFlexv2.0/brainswarm_ws/build/roboflex_description': CMAKE_PREFIX_PATH=${CMAKE_PREFIX_PATH}:/opt/ros/jazzy DEBUGINFOD_URLS=https://debuginfod.neon.kde.org/ https://debuginfod.ubuntu.com/ /usr/bin/cmake --install /home/muneeb/RoboFlexv2.0/brainswarm_ws/build/roboflex_description
[0.484s] Level 1:colcon.colcon_core.environment:create_environment_scripts_only(roboflex_description)
[0.500s] Level 1:colcon.colcon_core.environment:checking '/home/muneeb/RoboFlexv2.0/brainswarm_ws/install/roboflex_description' for CMake module files
[0.502s] Level 1:colcon.colcon_core.environment:checking '/home/muneeb/RoboFlexv2.0/brainswarm_ws/install/roboflex_description' for CMake config files
[0.504s] Level 1:colcon.colcon_core.environment:create_environment_scripts_only(roboflex_description)
[0.504s] Level 1:colcon.colcon_core.shell:create_environment_hook('roboflex_description', 'cmake_prefix_path')
[0.505s] INFO:colcon.colcon_core.shell:Creating environment hook '/home/muneeb/RoboFlexv2.0/brainswarm_ws/install/roboflex_description/share/roboflex_description/hook/cmake_prefix_path.ps1'
[0.506s] INFO:colcon.colcon_core.shell:Creating environment descriptor '/home/muneeb/RoboFlexv2.0/brainswarm_ws/install/roboflex_description/share/roboflex_description/hook/cmake_prefix_path.dsv'
[0.513s] INFO:colcon.colcon_core.shell:Creating environment hook '/home/muneeb/RoboFlexv2.0/brainswarm_ws/install/roboflex_description/share/roboflex_description/hook/cmake_prefix_path.sh'
[0.517s] Level 1:colcon.colcon_core.environment:checking '/home/muneeb/RoboFlexv2.0/brainswarm_ws/install/roboflex_description/lib'
[0.517s] Level 1:colcon.colcon_core.environment:checking '/home/muneeb/RoboFlexv2.0/brainswarm_ws/install/roboflex_description/bin'
[0.517s] Level 1:colcon.colcon_core.environment:checking '/home/muneeb/RoboFlexv2.0/brainswarm_ws/install/roboflex_description/lib/pkgconfig/roboflex_description.pc'
[0.517s] Level 1:colcon.colcon_core.environment:checking '/home/muneeb/RoboFlexv2.0/brainswarm_ws/install/roboflex_description/lib/python3.12/site-packages'
[0.518s] Level 1:colcon.colcon_core.environment:checking '/home/muneeb/RoboFlexv2.0/brainswarm_ws/install/roboflex_description/bin'
[0.523s] Level 1:colcon.colcon_core.environment:checking '/home/muneeb/RoboFlexv2.0/brainswarm_ws/install/roboflex_description' for CMake module files
[0.524s] Level 1:colcon.colcon_core.environment:checking '/home/muneeb/RoboFlexv2.0/brainswarm_ws/install/roboflex_description' for CMake config files
[0.526s] DEBUG:colcon.colcon_core.event_handler.log_command:Invoked command in '/home/muneeb/RoboFlexv2.0/brainswarm_ws/build/roboflex_description' returned '0': CMAKE_PREFIX_PATH=${CMAKE_PREFIX_PATH}:/opt/ros/jazzy DEBUGINFOD_URLS=https://debuginfod.neon.kde.org/ https://debuginfod.ubuntu.com/ /usr/bin/cmake --build /home/muneeb/RoboFlexv2.0/brainswarm_ws/build/roboflex_description -- -j8 -l8
[0.528s] DEBUG:colcon.colcon_core.event_handler.log_command:Invoked command in '/home/muneeb/RoboFlexv2.0/brainswarm_ws/build/roboflex_description' returned '0': CMAKE_PREFIX_PATH=${CMAKE_PREFIX_PATH}:/opt/ros/jazzy DEBUGINFOD_URLS=https://debuginfod.neon.kde.org/ https://debuginfod.ubuntu.com/ /usr/bin/cmake --install /home/muneeb/RoboFlexv2.0/brainswarm_ws/build/roboflex_description
[0.529s] Level 1:colcon.colcon_core.shell:create_environment_hook('roboflex_description', 'cmake_prefix_path')
[0.529s] INFO:colcon.colcon_core.shell:Creating environment hook '/home/muneeb/RoboFlexv2.0/brainswarm_ws/install/roboflex_description/share/roboflex_description/hook/cmake_prefix_path.ps1'
[0.530s] INFO:colcon.colcon_core.shell:Creating environment descriptor '/home/muneeb/RoboFlexv2.0/brainswarm_ws/install/roboflex_description/share/roboflex_description/hook/cmake_prefix_path.dsv'
[0.532s] INFO:colcon.colcon_core.shell:Creating package script '/home/muneeb/RoboFlexv2.0/brainswarm_ws/install/roboflex_description/share/roboflex_description/package.ps1'
[0.533s] INFO:colcon.colcon_core.shell:Creating package descriptor '/home/muneeb/RoboFlexv2.0/brainswarm_ws/install/roboflex_description/share/roboflex_description/package.dsv'
[0.534s] INFO:colcon.colcon_core.shell:Creating package script '/home/muneeb/RoboFlexv2.0/brainswarm_ws/install/roboflex_description/share/roboflex_description/package.sh'
[0.536s] INFO:colcon.colcon_core.shell:Creating environment hook '/home/muneeb/RoboFlexv2.0/brainswarm_ws/install/roboflex_description/share/roboflex_description/hook/cmake_prefix_path.sh'
[0.537s] Level 1:colcon.colcon_core.environment:checking '/home/muneeb/RoboFlexv2.0/brainswarm_ws/install/roboflex_description/lib'
[0.538s] Level 1:colcon.colcon_core.environment:checking '/home/muneeb/RoboFlexv2.0/brainswarm_ws/install/roboflex_description/bin'
[0.538s] Level 1:colcon.colcon_core.environment:checking '/home/muneeb/RoboFlexv2.0/brainswarm_ws/install/roboflex_description/lib/pkgconfig/roboflex_description.pc'
[0.539s] Level 1:colcon.colcon_core.environment:checking '/home/muneeb/RoboFlexv2.0/brainswarm_ws/install/roboflex_description/lib/python3.12/site-packages'
[0.539s] Level 1:colcon.colcon_core.environment:checking '/home/muneeb/RoboFlexv2.0/brainswarm_ws/install/roboflex_description/bin'
[0.544s] INFO:colcon.colcon_core.shell:Creating package script '/home/muneeb/RoboFlexv2.0/brainswarm_ws/install/roboflex_description/share/roboflex_description/package.bash'
[0.549s] INFO:colcon.colcon_core.shell:Creating package script '/home/muneeb/RoboFlexv2.0/brainswarm_ws/install/roboflex_description/share/roboflex_description/package.zsh'
[0.544s] INFO:colcon.colcon_core.shell:Creating package script '/home/muneeb/RoboFlexv2.0/brainswarm_ws/install/roboflex_description/share/roboflex_description/package.ps1'
[0.557s] DEBUG:colcon.colcon_core.event_handler.log_command:Invoking command in '/home/muneeb/RoboFlexv2.0/brainswarm_ws/build/roboflex_description': CMAKE_PREFIX_PATH=${CMAKE_PREFIX_PATH}:/opt/ros/jazzy DEBUGINFOD_URLS=https://debuginfod.neon.kde.org/ https://debuginfod.ubuntu.com/ /usr/bin/cmake --install /home/muneeb/RoboFlexv2.0/brainswarm_ws/build/roboflex_description
[0.560s] INFO:colcon.colcon_core.shell:Creating package descriptor '/home/muneeb/RoboFlexv2.0/brainswarm_ws/install/roboflex_description/share/roboflex_description/package.dsv'
[0.562s] INFO:colcon.colcon_core.shell:Creating package script '/home/muneeb/RoboFlexv2.0/brainswarm_ws/install/roboflex_description/share/roboflex_description/package.sh'
[0.563s] INFO:colcon.colcon_core.shell:Creating package script '/home/muneeb/RoboFlexv2.0/brainswarm_ws/install/roboflex_description/share/roboflex_description/package.bash'
[0.564s] INFO:colcon.colcon_core.shell:Creating package script '/home/muneeb/RoboFlexv2.0/brainswarm_ws/install/roboflex_description/share/roboflex_description/package.zsh'
[0.564s] Level 1:colcon.colcon_core.environment:create_file_with_runtime_dependencies(/home/muneeb/RoboFlexv2.0/brainswarm_ws/install/roboflex_description/share/colcon-core/packages/roboflex_description)
[0.565s] Level 1:colcon.colcon_core.environment:create_file_with_runtime_dependencies(/home/muneeb/RoboFlexv2.0/brainswarm_ws/install/roboflex_description/share/colcon-core/packages/roboflex_description)
[0.565s] Level 1:colcon.colcon_core.environment:create_environment_scripts_only(roboflex_description)
[0.566s] Level 1:colcon.colcon_core.environment:checking '/home/muneeb/RoboFlexv2.0/brainswarm_ws/install/roboflex_description' for CMake module files
[0.567s] Level 1:colcon.colcon_core.environment:create_environment_scripts_only(roboflex_description)
[0.567s] Level 1:colcon.colcon_core.environment:checking '/home/muneeb/RoboFlexv2.0/brainswarm_ws/install/roboflex_description' for CMake module files
[0.569s] Level 1:colcon.colcon_core.environment:checking '/home/muneeb/RoboFlexv2.0/brainswarm_ws/install/roboflex_description' for CMake config files
[0.569s] Level 1:colcon.colcon_core.shell:create_environment_hook('roboflex_description', 'cmake_prefix_path')
[0.569s] INFO:colcon.colcon_core.shell:Creating environment hook '/home/muneeb/RoboFlexv2.0/brainswarm_ws/install/roboflex_description/share/roboflex_description/hook/cmake_prefix_path.ps1'
[0.571s] INFO:colcon.colcon_core.shell:Creating environment descriptor '/home/muneeb/RoboFlexv2.0/brainswarm_ws/install/roboflex_description/share/roboflex_description/hook/cmake_prefix_path.dsv'
[0.572s] INFO:colcon.colcon_core.shell:Creating environment hook '/home/muneeb/RoboFlexv2.0/brainswarm_ws/install/roboflex_description/share/roboflex_description/hook/cmake_prefix_path.sh'
[0.573s] Level 1:colcon.colcon_core.environment:checking '/home/muneeb/RoboFlexv2.0/brainswarm_ws/install/roboflex_description/lib'
[0.573s] Level 1:colcon.colcon_core.environment:checking '/home/muneeb/RoboFlexv2.0/brainswarm_ws/install/roboflex_description/bin'
[0.573s] Level 1:colcon.colcon_core.environment:checking '/home/muneeb/RoboFlexv2.0/brainswarm_ws/install/roboflex_description/lib/pkgconfig/roboflex_description.pc'
[0.574s] Level 1:colcon.colcon_core.environment:checking '/home/muneeb/RoboFlexv2.0/brainswarm_ws/install/roboflex_description/lib/python3.12/site-packages'
[0.574s] Level 1:colcon.colcon_core.environment:checking '/home/muneeb/RoboFlexv2.0/brainswarm_ws/install/roboflex_description/bin'
[0.575s] INFO:colcon.colcon_core.shell:Creating package script '/home/muneeb/RoboFlexv2.0/brainswarm_ws/install/roboflex_description/share/roboflex_description/package.ps1'
[0.575s] Level 1:colcon.colcon_core.environment:checking '/home/muneeb/RoboFlexv2.0/brainswarm_ws/install/roboflex_description' for CMake config files
[0.576s] Level 1:colcon.colcon_core.shell:create_environment_hook('roboflex_description', 'cmake_prefix_path')
[0.576s] INFO:colcon.colcon_core.shell:Creating environment hook '/home/muneeb/RoboFlexv2.0/brainswarm_ws/install/roboflex_description/share/roboflex_description/hook/cmake_prefix_path.ps1'
[0.577s] INFO:colcon.colcon_core.shell:Creating environment descriptor '/home/muneeb/RoboFlexv2.0/brainswarm_ws/install/roboflex_description/share/roboflex_description/hook/cmake_prefix_path.dsv'
[0.578s] INFO:colcon.colcon_core.shell:Creating environment hook '/home/muneeb/RoboFlexv2.0/brainswarm_ws/install/roboflex_description/share/roboflex_description/hook/cmake_prefix_path.sh'
[0.580s] DEBUG:colcon.colcon_core.event_handler.log_command:Invoked command in '/home/muneeb/RoboFlexv2.0/brainswarm_ws/build/bras_robot_description' returned '0': CMAKE_PREFIX_PATH=${CMAKE_PREFIX_PATH}:/opt/ros/jazzy DEBUGINFOD_URLS=https://debuginfod.neon.kde.org/ https://debuginfod.ubuntu.com/ /usr/bin/cmake --build /home/muneeb/RoboFlexv2.0/brainswarm_ws/build/bras_robot_description -- -j8 -l8
[0.583s] DEBUG:colcon.colcon_core.event_handler.log_command:Invoking command in '/home/muneeb/RoboFlexv2.0/brainswarm_ws/build/bras_robot_description': CMAKE_PREFIX_PATH=${CMAKE_PREFIX_PATH}:/opt/ros/jazzy DEBUGINFOD_URLS=https://debuginfod.neon.kde.org/ https://debuginfod.ubuntu.com/ /usr/bin/cmake --install /home/muneeb/RoboFlexv2.0/brainswarm_ws/build/bras_robot_description
[0.584s] DEBUG:colcon.colcon_core.event_handler.log_command:Invoked command in '/home/muneeb/RoboFlexv2.0/brainswarm_ws/build/roboflex_description' returned '0': CMAKE_PREFIX_PATH=${CMAKE_PREFIX_PATH}:/opt/ros/jazzy DEBUGINFOD_URLS=https://debuginfod.neon.kde.org/ https://debuginfod.ubuntu.com/ /usr/bin/cmake --install /home/muneeb/RoboFlexv2.0/brainswarm_ws/build/roboflex_description
[0.593s] Level 1:colcon.colcon_core.environment:checking '/home/muneeb/RoboFlexv2.0/brainswarm_ws/install/roboflex_description/lib'
[0.593s] Level 1:colcon.colcon_core.environment:checking '/home/muneeb/RoboFlexv2.0/brainswarm_ws/install/roboflex_description/bin'
[0.593s] Level 1:colcon.colcon_core.environment:checking '/home/muneeb/RoboFlexv2.0/brainswarm_ws/install/roboflex_description/lib/pkgconfig/roboflex_description.pc'
[0.594s] INFO:colcon.colcon_core.shell:Creating package descriptor '/home/muneeb/RoboFlexv2.0/brainswarm_ws/install/roboflex_description/share/roboflex_description/package.dsv'
[0.595s] INFO:colcon.colcon_core.shell:Creating package script '/home/muneeb/RoboFlexv2.0/brainswarm_ws/install/roboflex_description/share/roboflex_description/package.sh'
[0.595s] INFO:colcon.colcon_core.shell:Creating package script '/home/muneeb/RoboFlexv2.0/brainswarm_ws/install/roboflex_description/share/roboflex_description/package.bash'
[0.596s] INFO:colcon.colcon_core.shell:Creating package script '/home/muneeb/RoboFlexv2.0/brainswarm_ws/install/roboflex_description/share/roboflex_description/package.zsh'
[0.597s] Level 1:colcon.colcon_core.environment:create_file_with_runtime_dependencies(/home/muneeb/RoboFlexv2.0/brainswarm_ws/install/roboflex_description/share/colcon-core/packages/roboflex_description)
[0.598s] INFO:colcon.colcon_ros.task.ament_cmake.build:Building ROS package in '/home/muneeb/RoboFlexv2.0/brainswarm_ws/src/roboflex_moveit_config' with build type 'ament_cmake'
[0.598s] INFO:colcon.colcon_cmake.task.cmake.build:Building CMake package in '/home/muneeb/RoboFlexv2.0/brainswarm_ws/src/roboflex_moveit_config'
[0.597s] Level 1:colcon.colcon_core.environment:checking '/home/muneeb/RoboFlexv2.0/brainswarm_ws/install/roboflex_description/lib/python3.12/site-packages'
[0.599s] INFO:colcon.colcon_core.shell:Skip shell extension 'powershell' for command environment: Not usable outside of PowerShell
[0.599s] DEBUG:colcon.colcon_core.shell:Skip shell extension 'dsv' for command environment
[0.599s] Level 1:colcon.colcon_core.environment:checking '/home/muneeb/RoboFlexv2.0/brainswarm_ws/install/roboflex_description/bin'
[0.601s] INFO:colcon.colcon_core.shell:Creating package script '/home/muneeb/RoboFlexv2.0/brainswarm_ws/install/roboflex_description/share/roboflex_description/package.ps1'
[0.610s] INFO:colcon.colcon_core.shell:Creating package descriptor '/home/muneeb/RoboFlexv2.0/brainswarm_ws/install/roboflex_description/share/roboflex_description/package.dsv'
[0.612s] Level 1:colcon.colcon_core.environment:create_environment_scripts_only(bras_robot_description)
[0.614s] INFO:colcon.colcon_core.shell:Creating package script '/home/muneeb/RoboFlexv2.0/brainswarm_ws/install/roboflex_description/share/roboflex_description/package.sh'
[0.614s] Level 1:colcon.colcon_core.environment:checking '/home/muneeb/RoboFlexv2.0/brainswarm_ws/install/bras_robot_description' for CMake module files
[0.616s] DEBUG:colcon.colcon_core.event_handler.log_command:Invoked command in '/home/muneeb/RoboFlexv2.0/brainswarm_ws/build/bras_robot_description' returned '0': CMAKE_PREFIX_PATH=${CMAKE_PREFIX_PATH}:/opt/ros/jazzy DEBUGINFOD_URLS=https://debuginfod.neon.kde.org/ https://debuginfod.ubuntu.com/ /usr/bin/cmake --install /home/muneeb/RoboFlexv2.0/brainswarm_ws/build/bras_robot_description
[0.620s] Level 1:colcon.colcon_core.environment:checking '/home/muneeb/RoboFlexv2.0/brainswarm_ws/install/bras_robot_description' for CMake config files
[0.620s] Level 1:colcon.colcon_core.shell:create_environment_hook('bras_robot_description', 'cmake_prefix_path')
[0.621s] INFO:colcon.colcon_core.shell:Creating package script '/home/muneeb/RoboFlexv2.0/brainswarm_ws/install/roboflex_description/share/roboflex_description/package.bash'
[0.622s] INFO:colcon.colcon_core.shell:Creating package script '/home/muneeb/RoboFlexv2.0/brainswarm_ws/install/roboflex_description/share/roboflex_description/package.zsh'
[0.627s] Level 1:colcon.colcon_core.environment:create_environment_scripts_only(roboflex_description)
[0.630s] Level 1:colcon.colcon_core.environment:create_file_with_runtime_dependencies(/home/muneeb/RoboFlexv2.0/brainswarm_ws/install/roboflex_description/share/colcon-core/packages/roboflex_description)
[0.631s] INFO:colcon.colcon_core.shell:Creating environment hook '/home/muneeb/RoboFlexv2.0/brainswarm_ws/install/bras_robot_description/share/bras_robot_description/hook/cmake_prefix_path.ps1'
[0.635s] INFO:colcon.colcon_core.shell:Creating environment descriptor '/home/muneeb/RoboFlexv2.0/brainswarm_ws/install/bras_robot_description/share/bras_robot_description/hook/cmake_prefix_path.dsv'
[0.636s] INFO:colcon.colcon_ros.task.ament_cmake.build:Building ROS package in '/home/muneeb/RoboFlexv2.0/brainswarm_ws/src/roboflex_moveit_config' with build type 'ament_cmake'
[0.636s] INFO:colcon.colcon_cmake.task.cmake.build:Building CMake package in '/home/muneeb/RoboFlexv2.0/brainswarm_ws/src/roboflex_moveit_config'
[0.636s] Level 1:colcon.colcon_core.environment:checking '/home/muneeb/RoboFlexv2.0/brainswarm_ws/install/roboflex_description' for CMake module files
[0.636s] INFO:colcon.colcon_core.shell:Skip shell extension 'powershell' for command environment: Not usable outside of PowerShell
[0.636s] DEBUG:colcon.colcon_core.shell:Skip shell extension 'dsv' for command environment
[0.637s] Level 1:colcon.colcon_core.environment:checking '/home/muneeb/RoboFlexv2.0/brainswarm_ws/install/roboflex_description' for CMake config files
[0.638s] Level 1:colcon.colcon_core.shell:create_environment_hook('roboflex_description', 'cmake_prefix_path')
[0.638s] INFO:colcon.colcon_core.shell:Creating environment hook '/home/muneeb/RoboFlexv2.0/brainswarm_ws/install/roboflex_description/share/roboflex_description/hook/cmake_prefix_path.ps1'
[0.643s] INFO:colcon.colcon_core.shell:Creating environment hook '/home/muneeb/RoboFlexv2.0/brainswarm_ws/install/bras_robot_description/share/bras_robot_description/hook/cmake_prefix_path.sh'
[0.643s] INFO:colcon.colcon_core.shell:Creating environment descriptor '/home/muneeb/RoboFlexv2.0/brainswarm_ws/install/roboflex_description/share/roboflex_description/hook/cmake_prefix_path.dsv'
[0.644s] INFO:colcon.colcon_core.shell:Creating environment hook '/home/muneeb/RoboFlexv2.0/brainswarm_ws/install/roboflex_description/share/roboflex_description/hook/cmake_prefix_path.sh'
[0.644s] Level 1:colcon.colcon_core.environment:checking '/home/muneeb/RoboFlexv2.0/brainswarm_ws/install/bras_robot_description/bin'
[0.645s] Level 1:colcon.colcon_core.environment:checking '/home/muneeb/RoboFlexv2.0/brainswarm_ws/install/bras_robot_description/lib/pkgconfig/bras_robot_description.pc'
[0.645s] Level 1:colcon.colcon_core.environment:checking '/home/muneeb/RoboFlexv2.0/brainswarm_ws/install/bras_robot_description/lib/python3.12/site-packages'
[0.646s] Level 1:colcon.colcon_core.environment:checking '/home/muneeb/RoboFlexv2.0/brainswarm_ws/install/bras_robot_description/bin'
[0.646s] INFO:colcon.colcon_core.shell:Creating package script '/home/muneeb/RoboFlexv2.0/brainswarm_ws/install/bras_robot_description/share/bras_robot_description/package.ps1'
[0.647s] INFO:colcon.colcon_core.shell:Creating package descriptor '/home/muneeb/RoboFlexv2.0/brainswarm_ws/install/bras_robot_description/share/bras_robot_description/package.dsv'
[0.648s] INFO:colcon.colcon_core.shell:Creating package script '/home/muneeb/RoboFlexv2.0/brainswarm_ws/install/bras_robot_description/share/bras_robot_description/package.sh'
[0.649s] INFO:colcon.colcon_core.shell:Creating package script '/home/muneeb/RoboFlexv2.0/brainswarm_ws/install/bras_robot_description/share/bras_robot_description/package.bash'
[0.649s] INFO:colcon.colcon_core.shell:Creating package script '/home/muneeb/RoboFlexv2.0/brainswarm_ws/install/bras_robot_description/share/bras_robot_description/package.zsh'
[0.650s] Level 1:colcon.colcon_core.environment:create_file_with_runtime_dependencies(/home/muneeb/RoboFlexv2.0/brainswarm_ws/install/bras_robot_description/share/colcon-core/packages/bras_robot_description)
[0.651s] Level 1:colcon.colcon_core.environment:create_environment_scripts_only(bras_robot_description)
[0.653s] Level 1:colcon.colcon_core.environment:checking '/home/muneeb/RoboFlexv2.0/brainswarm_ws/install/bras_robot_description' for CMake module files
[0.655s] Level 1:colcon.colcon_core.environment:checking '/home/muneeb/RoboFlexv2.0/brainswarm_ws/install/bras_robot_description' for CMake config files
[0.655s] Level 1:colcon.colcon_core.shell:create_environment_hook('bras_robot_description', 'cmake_prefix_path')
[0.657s] Level 1:colcon.colcon_core.environment:checking '/home/muneeb/RoboFlexv2.0/brainswarm_ws/install/roboflex_description/lib'
[0.658s] Level 1:colcon.colcon_core.environment:checking '/home/muneeb/RoboFlexv2.0/brainswarm_ws/install/roboflex_description/bin'
[0.658s] Level 1:colcon.colcon_core.environment:checking '/home/muneeb/RoboFlexv2.0/brainswarm_ws/install/roboflex_description/lib/pkgconfig/roboflex_description.pc'
[0.658s] DEBUG:colcon.colcon_core.event_handler.log_command:Invoked command in '/home/muneeb/RoboFlexv2.0/brainswarm_ws/build/dynamixel_hardware' returned '0': CMAKE_PREFIX_PATH=${CMAKE_PREFIX_PATH}:/opt/ros/jazzy DEBUGINFOD_URLS=https://debuginfod.neon.kde.org/ https://debuginfod.ubuntu.com/ /usr/bin/cmake --build /home/muneeb/RoboFlexv2.0/brainswarm_ws/build/dynamixel_hardware -- -j8 -l8
[0.658s] Level 1:colcon.colcon_core.environment:checking '/home/muneeb/RoboFlexv2.0/brainswarm_ws/install/roboflex_description/lib/python3.12/site-packages'
[0.659s] Level 1:colcon.colcon_core.environment:checking '/home/muneeb/RoboFlexv2.0/brainswarm_ws/install/roboflex_description/bin'
[0.659s] INFO:colcon.colcon_core.shell:Creating environment hook '/home/muneeb/RoboFlexv2.0/brainswarm_ws/install/bras_robot_description/share/bras_robot_description/hook/cmake_prefix_path.ps1'
[0.659s] INFO:colcon.colcon_core.shell:Creating package script '/home/muneeb/RoboFlexv2.0/brainswarm_ws/install/roboflex_description/share/roboflex_description/package.ps1'
[0.660s] INFO:colcon.colcon_core.shell:Creating environment descriptor '/home/muneeb/RoboFlexv2.0/brainswarm_ws/install/bras_robot_description/share/bras_robot_description/hook/cmake_prefix_path.dsv'
[0.661s] INFO:colcon.colcon_core.shell:Creating environment hook '/home/muneeb/RoboFlexv2.0/brainswarm_ws/install/bras_robot_description/share/bras_robot_description/hook/cmake_prefix_path.sh'
[0.662s] Level 1:colcon.colcon_core.environment:checking '/home/muneeb/RoboFlexv2.0/brainswarm_ws/install/bras_robot_description/bin'
[0.662s] Level 1:colcon.colcon_core.environment:checking '/home/muneeb/RoboFlexv2.0/brainswarm_ws/install/bras_robot_description/lib/pkgconfig/bras_robot_description.pc'
[0.663s] Level 1:colcon.colcon_core.environment:checking '/home/muneeb/RoboFlexv2.0/brainswarm_ws/install/bras_robot_description/lib/python3.12/site-packages'
[0.663s] Level 1:colcon.colcon_core.environment:checking '/home/muneeb/RoboFlexv2.0/brainswarm_ws/install/bras_robot_description/bin'
[0.664s] INFO:colcon.colcon_core.shell:Creating package script '/home/muneeb/RoboFlexv2.0/brainswarm_ws/install/bras_robot_description/share/bras_robot_description/package.ps1'
[0.665s] INFO:colcon.colcon_core.shell:Creating package descriptor '/home/muneeb/RoboFlexv2.0/brainswarm_ws/install/bras_robot_description/share/bras_robot_description/package.dsv'
[0.666s] INFO:colcon.colcon_core.shell:Creating package descriptor '/home/muneeb/RoboFlexv2.0/brainswarm_ws/install/roboflex_description/share/roboflex_description/package.dsv'
[0.667s] INFO:colcon.colcon_core.shell:Creating package script '/home/muneeb/RoboFlexv2.0/brainswarm_ws/install/roboflex_description/share/roboflex_description/package.sh'
[0.668s] DEBUG:colcon.colcon_core.event_handler.log_command:Invoking command in '/home/muneeb/RoboFlexv2.0/brainswarm_ws/build/dynamixel_hardware': CMAKE_PREFIX_PATH=${CMAKE_PREFIX_PATH}:/opt/ros/jazzy DEBUGINFOD_URLS=https://debuginfod.neon.kde.org/ https://debuginfod.ubuntu.com/ /usr/bin/cmake --install /home/muneeb/RoboFlexv2.0/brainswarm_ws/build/dynamixel_hardware
[0.668s] INFO:colcon.colcon_core.shell:Creating package script '/home/muneeb/RoboFlexv2.0/brainswarm_ws/install/roboflex_description/share/roboflex_description/package.bash'
[0.669s] INFO:colcon.colcon_core.shell:Creating package script '/home/muneeb/RoboFlexv2.0/brainswarm_ws/install/bras_robot_description/share/bras_robot_description/package.sh'
[0.670s] INFO:colcon.colcon_core.shell:Creating package script '/home/muneeb/RoboFlexv2.0/brainswarm_ws/install/bras_robot_description/share/bras_robot_description/package.bash'
[0.670s] INFO:colcon.colcon_core.shell:Creating package script '/home/muneeb/RoboFlexv2.0/brainswarm_ws/install/roboflex_description/share/roboflex_description/package.zsh'
[0.671s] INFO:colcon.colcon_core.shell:Creating package script '/home/muneeb/RoboFlexv2.0/brainswarm_ws/install/bras_robot_description/share/bras_robot_description/package.zsh'
[0.671s] Level 1:colcon.colcon_core.environment:create_file_with_runtime_dependencies(/home/muneeb/RoboFlexv2.0/brainswarm_ws/install/roboflex_description/share/colcon-core/packages/roboflex_description)
[0.672s] Level 1:colcon.colcon_core.environment:create_environment_scripts_only(roboflex_description)
[0.673s] Level 1:colcon.colcon_core.environment:checking '/home/muneeb/RoboFlexv2.0/brainswarm_ws/install/roboflex_description' for CMake module files
[0.674s] Level 1:colcon.colcon_core.environment:create_file_with_runtime_dependencies(/home/muneeb/RoboFlexv2.0/brainswarm_ws/install/bras_robot_description/share/colcon-core/packages/bras_robot_description)
[0.679s] DEBUG:colcon.colcon_core.event_handler.log_command:Invoked command in '/home/muneeb/RoboFlexv2.0/brainswarm_ws/build/dynamixel_hardware' returned '0': CMAKE_PREFIX_PATH=${CMAKE_PREFIX_PATH}:/opt/ros/jazzy DEBUGINFOD_URLS=https://debuginfod.neon.kde.org/ https://debuginfod.ubuntu.com/ /usr/bin/cmake --build /home/muneeb/RoboFlexv2.0/brainswarm_ws/build/dynamixel_hardware -- -j8 -l8
[0.679s] DEBUG:colcon.colcon_core.event_handler.log_command:Invoking command in '/home/muneeb/RoboFlexv2.0/brainswarm_ws/build/dynamixel_hardware': CMAKE_PREFIX_PATH=${CMAKE_PREFIX_PATH}:/opt/ros/jazzy DEBUGINFOD_URLS=https://debuginfod.neon.kde.org/ https://debuginfod.ubuntu.com/ /usr/bin/cmake --install /home/muneeb/RoboFlexv2.0/brainswarm_ws/build/dynamixel_hardware
[0.682s] Level 1:colcon.colcon_core.environment:checking '/home/muneeb/RoboFlexv2.0/brainswarm_ws/install/roboflex_description' for CMake config files
[0.682s] Level 1:colcon.colcon_core.shell:create_environment_hook('roboflex_description', 'cmake_prefix_path')
[0.683s] INFO:colcon.colcon_core.shell:Creating environment hook '/home/muneeb/RoboFlexv2.0/brainswarm_ws/install/roboflex_description/share/roboflex_description/hook/cmake_prefix_path.ps1'
[0.684s] INFO:colcon.colcon_core.shell:Creating environment descriptor '/home/muneeb/RoboFlexv2.0/brainswarm_ws/install/roboflex_description/share/roboflex_description/hook/cmake_prefix_path.dsv'
[0.684s] DEBUG:colcon.colcon_core.event_handler.log_command:Invoking command in '/home/muneeb/RoboFlexv2.0/brainswarm_ws/build/roboflex_moveit_config': AMENT_PREFIX_PATH=/home/muneeb/RoboFlexv2.0/brainswarm_ws/install/roboflex_description:${AMENT_PREFIX_PATH} CMAKE_PREFIX_PATH=/home/muneeb/RoboFlexv2.0/brainswarm_ws/install/roboflex_description:/opt/ros/jazzy/opt/gz_sim_vendor:/opt/ros/jazzy/opt/gz_sensors_vendor:/opt/ros/jazzy/opt/gz_physics_vendor:/opt/ros/jazzy/opt/sdformat_vendor:/opt/ros/jazzy/opt/gz_gui_vendor:/opt/ros/jazzy/opt/gz_transport_vendor:/opt/ros/jazzy/opt/gz_rendering_vendor:/opt/ros/jazzy/opt/gz_plugin_vendor:/opt/ros/jazzy/opt/gz_fuel_tools_vendor:/opt/ros/jazzy/opt/gz_msgs_vendor:/opt/ros/jazzy/opt/gz_common_vendor:/opt/ros/jazzy/opt/gz_math_vendor:/opt/ros/jazzy/opt/gz_utils_vendor:/opt/ros/jazzy/opt/gz_tools_vendor:/opt/ros/jazzy/opt/gz_ogre_next_vendor:/opt/ros/jazzy/opt/gz_dartsim_vendor:/opt/ros/jazzy/opt/gz_cmake_vendor:/opt/ros/jazzy DEBUGINFOD_URLS=https://debuginfod.neon.kde.org/ https://debuginfod.ubuntu.com/ /usr/bin/cmake --build /home/muneeb/RoboFlexv2.0/brainswarm_ws/build/roboflex_moveit_config -- -j8 -l8
[0.684s] INFO:colcon.colcon_core.shell:Creating environment hook '/home/muneeb/RoboFlexv2.0/brainswarm_ws/install/roboflex_description/share/roboflex_description/hook/cmake_prefix_path.sh'
[0.687s] Level 1:colcon.colcon_core.environment:create_environment_scripts_only(bras_robot_description)
[0.687s] Level 1:colcon.colcon_core.environment:checking '/home/muneeb/RoboFlexv2.0/brainswarm_ws/install/bras_robot_description' for CMake module files
[0.689s] Level 1:colcon.colcon_core.environment:checking '/home/muneeb/RoboFlexv2.0/brainswarm_ws/install/roboflex_description/lib'
[0.689s] Level 1:colcon.colcon_core.environment:checking '/home/muneeb/RoboFlexv2.0/brainswarm_ws/install/roboflex_description/bin'
[0.689s] Level 1:colcon.colcon_core.environment:checking '/home/muneeb/RoboFlexv2.0/brainswarm_ws/install/roboflex_description/lib/pkgconfig/roboflex_description.pc'
[0.690s] Level 1:colcon.colcon_core.environment:checking '/home/muneeb/RoboFlexv2.0/brainswarm_ws/install/roboflex_description/lib/python3.12/site-packages'
[0.690s] Level 1:colcon.colcon_core.environment:checking '/home/muneeb/RoboFlexv2.0/brainswarm_ws/install/roboflex_description/bin'
[0.691s] INFO:colcon.colcon_core.shell:Creating package script '/home/muneeb/RoboFlexv2.0/brainswarm_ws/install/roboflex_description/share/roboflex_description/package.ps1'
[0.691s] DEBUG:colcon.colcon_core.event_handler.log_command:Invoked command in '/home/muneeb/RoboFlexv2.0/brainswarm_ws/build/bras_robot_description' returned '0': CMAKE_PREFIX_PATH=${CMAKE_PREFIX_PATH}:/opt/ros/jazzy DEBUGINFOD_URLS=https://debuginfod.neon.kde.org/ https://debuginfod.ubuntu.com/ /usr/bin/cmake --install /home/muneeb/RoboFlexv2.0/brainswarm_ws/build/bras_robot_description
[0.692s] INFO:colcon.colcon_core.shell:Creating package descriptor '/home/muneeb/RoboFlexv2.0/brainswarm_ws/install/roboflex_description/share/roboflex_description/package.dsv'
[0.694s] Level 1:colcon.colcon_core.environment:checking '/home/muneeb/RoboFlexv2.0/brainswarm_ws/install/bras_robot_description' for CMake config files
[0.695s] Level 1:colcon.colcon_core.shell:create_environment_hook('bras_robot_description', 'cmake_prefix_path')
[0.695s] INFO:colcon.colcon_core.shell:Creating environment hook '/home/muneeb/RoboFlexv2.0/brainswarm_ws/install/bras_robot_description/share/bras_robot_description/hook/cmake_prefix_path.ps1'
[0.697s] INFO:colcon.colcon_core.shell:Creating package script '/home/muneeb/RoboFlexv2.0/brainswarm_ws/install/roboflex_description/share/roboflex_description/package.sh'
[0.698s] INFO:colcon.colcon_core.shell:Creating package script '/home/muneeb/RoboFlexv2.0/brainswarm_ws/install/roboflex_description/share/roboflex_description/package.bash'
[0.701s] INFO:colcon.colcon_core.shell:Creating package script '/home/muneeb/RoboFlexv2.0/brainswarm_ws/install/roboflex_description/share/roboflex_description/package.zsh'
[0.702s] INFO:colcon.colcon_core.shell:Creating environment descriptor '/home/muneeb/RoboFlexv2.0/brainswarm_ws/install/bras_robot_description/share/bras_robot_description/hook/cmake_prefix_path.dsv'
[0.702s] INFO:colcon.colcon_core.shell:Creating environment hook '/home/muneeb/RoboFlexv2.0/brainswarm_ws/install/bras_robot_description/share/bras_robot_description/hook/cmake_prefix_path.sh'
[0.704s] Level 1:colcon.colcon_core.environment:checking '/home/muneeb/RoboFlexv2.0/brainswarm_ws/install/bras_robot_description/bin'
[0.705s] Level 1:colcon.colcon_core.environment:checking '/home/muneeb/RoboFlexv2.0/brainswarm_ws/install/bras_robot_description/lib/pkgconfig/bras_robot_description.pc'
[0.705s] Level 1:colcon.colcon_core.environment:checking '/home/muneeb/RoboFlexv2.0/brainswarm_ws/install/bras_robot_description/lib/python3.12/site-packages'
[0.705s] Level 1:colcon.colcon_core.environment:checking '/home/muneeb/RoboFlexv2.0/brainswarm_ws/install/bras_robot_description/bin'
[0.706s] INFO:colcon.colcon_core.shell:Creating package script '/home/muneeb/RoboFlexv2.0/brainswarm_ws/install/bras_robot_description/share/bras_robot_description/package.ps1'
[0.707s] INFO:colcon.colcon_core.shell:Creating package descriptor '/home/muneeb/RoboFlexv2.0/brainswarm_ws/install/bras_robot_description/share/bras_robot_description/package.dsv'
[0.708s] Level 1:colcon.colcon_core.environment:create_file_with_runtime_dependencies(/home/muneeb/RoboFlexv2.0/brainswarm_ws/install/roboflex_description/share/colcon-core/packages/roboflex_description)
[0.708s] Level 1:colcon.colcon_core.environment:create_environment_scripts_only(bras_robot_description)
[0.708s] Level 1:colcon.colcon_core.environment:checking '/home/muneeb/RoboFlexv2.0/brainswarm_ws/install/bras_robot_description' for CMake module files
[0.712s] DEBUG:colcon.colcon_core.event_handler.log_command:Invoked command in '/home/muneeb/RoboFlexv2.0/brainswarm_ws/build/roboflex_description' returned '0': CMAKE_PREFIX_PATH=${CMAKE_PREFIX_PATH}:/opt/ros/jazzy DEBUGINFOD_URLS=https://debuginfod.neon.kde.org/ https://debuginfod.ubuntu.com/ /usr/bin/cmake --install /home/muneeb/RoboFlexv2.0/brainswarm_ws/build/roboflex_description
[0.713s] Level 1:colcon.colcon_core.environment:create_environment_scripts_only(dynamixel_hardware)
[0.714s] Level 1:colcon.colcon_core.environment:checking '/home/muneeb/RoboFlexv2.0/brainswarm_ws/install/dynamixel_hardware' for CMake module files
[0.713s] DEBUG:colcon.colcon_core.event_handler.log_command:Invoked command in '/home/muneeb/RoboFlexv2.0/brainswarm_ws/build/bras_robot_description' returned '0': CMAKE_PREFIX_PATH=${CMAKE_PREFIX_PATH}:/opt/ros/jazzy DEBUGINFOD_URLS=https://debuginfod.neon.kde.org/ https://debuginfod.ubuntu.com/ /usr/bin/cmake --install /home/muneeb/RoboFlexv2.0/brainswarm_ws/build/bras_robot_description
[0.716s] Level 1:colcon.colcon_core.environment:checking '/home/muneeb/RoboFlexv2.0/brainswarm_ws/install/bras_robot_description' for CMake config files
[0.716s] DEBUG:colcon.colcon_core.event_handler.log_command:Invoked command in '/home/muneeb/RoboFlexv2.0/brainswarm_ws/build/dynamixel_hardware' returned '0': CMAKE_PREFIX_PATH=${CMAKE_PREFIX_PATH}:/opt/ros/jazzy DEBUGINFOD_URLS=https://debuginfod.neon.kde.org/ https://debuginfod.ubuntu.com/ /usr/bin/cmake --install /home/muneeb/RoboFlexv2.0/brainswarm_ws/build/dynamixel_hardware
[0.716s] Level 1:colcon.colcon_core.shell:create_environment_hook('bras_robot_description', 'cmake_prefix_path')
[0.717s] Level 1:colcon.colcon_core.environment:checking '/home/muneeb/RoboFlexv2.0/brainswarm_ws/install/dynamixel_hardware' for CMake config files
[0.717s] INFO:colcon.colcon_core.shell:Creating environment hook '/home/muneeb/RoboFlexv2.0/brainswarm_ws/install/bras_robot_description/share/bras_robot_description/hook/cmake_prefix_path.ps1'
[0.717s] Level 1:colcon.colcon_core.shell:create_environment_hook('dynamixel_hardware', 'cmake_prefix_path')
[0.707s] INFO:colcon.colcon_core.shell:Creating package script '/home/muneeb/RoboFlexv2.0/brainswarm_ws/install/bras_robot_description/share/bras_robot_description/package.sh'
[0.718s] INFO:colcon.colcon_core.shell:Creating environment descriptor '/home/muneeb/RoboFlexv2.0/brainswarm_ws/install/bras_robot_description/share/bras_robot_description/hook/cmake_prefix_path.dsv'
[0.718s] INFO:colcon.colcon_core.shell:Creating environment hook '/home/muneeb/RoboFlexv2.0/brainswarm_ws/install/dynamixel_hardware/share/dynamixel_hardware/hook/cmake_prefix_path.ps1'
[0.718s] INFO:colcon.colcon_core.shell:Creating package script '/home/muneeb/RoboFlexv2.0/brainswarm_ws/install/bras_robot_description/share/bras_robot_description/package.bash'
[0.719s] INFO:colcon.colcon_core.shell:Creating environment hook '/home/muneeb/RoboFlexv2.0/brainswarm_ws/install/bras_robot_description/share/bras_robot_description/hook/cmake_prefix_path.sh'
[0.719s] INFO:colcon.colcon_core.shell:Creating package script '/home/muneeb/RoboFlexv2.0/brainswarm_ws/install/bras_robot_description/share/bras_robot_description/package.zsh'
[0.719s] Level 1:colcon.colcon_core.environment:create_file_with_runtime_dependencies(/home/muneeb/RoboFlexv2.0/brainswarm_ws/install/bras_robot_description/share/colcon-core/packages/bras_robot_description)
[0.720s] Level 1:colcon.colcon_core.environment:checking '/home/muneeb/RoboFlexv2.0/brainswarm_ws/install/bras_robot_description/bin'
[0.720s] Level 1:colcon.colcon_core.environment:checking '/home/muneeb/RoboFlexv2.0/brainswarm_ws/install/bras_robot_description/lib/pkgconfig/bras_robot_description.pc'
[0.720s] Level 1:colcon.colcon_core.environment:create_environment_scripts_only(bras_robot_description)
[0.720s] Level 1:colcon.colcon_core.environment:checking '/home/muneeb/RoboFlexv2.0/brainswarm_ws/install/bras_robot_description/lib/python3.12/site-packages'
[0.720s] Level 1:colcon.colcon_core.environment:checking '/home/muneeb/RoboFlexv2.0/brainswarm_ws/install/bras_robot_description' for CMake module files
[0.720s] INFO:colcon.colcon_core.shell:Creating environment descriptor '/home/muneeb/RoboFlexv2.0/brainswarm_ws/install/dynamixel_hardware/share/dynamixel_hardware/hook/cmake_prefix_path.dsv'
[0.721s] Level 1:colcon.colcon_core.environment:checking '/home/muneeb/RoboFlexv2.0/brainswarm_ws/install/bras_robot_description/bin'
[0.721s] INFO:colcon.colcon_core.shell:Creating package script '/home/muneeb/RoboFlexv2.0/brainswarm_ws/install/bras_robot_description/share/bras_robot_description/package.ps1'
[0.721s] INFO:colcon.colcon_core.shell:Creating environment hook '/home/muneeb/RoboFlexv2.0/brainswarm_ws/install/dynamixel_hardware/share/dynamixel_hardware/hook/cmake_prefix_path.sh'
[0.722s] INFO:colcon.colcon_core.shell:Creating package descriptor '/home/muneeb/RoboFlexv2.0/brainswarm_ws/install/bras_robot_description/share/bras_robot_description/package.dsv'
[0.723s] INFO:colcon.colcon_core.shell:Creating package script '/home/muneeb/RoboFlexv2.0/brainswarm_ws/install/bras_robot_description/share/bras_robot_description/package.sh'
[0.723s] INFO:colcon.colcon_core.shell:Creating package script '/home/muneeb/RoboFlexv2.0/brainswarm_ws/install/bras_robot_description/share/bras_robot_description/package.bash'
[0.724s] INFO:colcon.colcon_core.shell:Creating package script '/home/muneeb/RoboFlexv2.0/brainswarm_ws/install/bras_robot_description/share/bras_robot_description/package.zsh'
[0.724s] Level 1:colcon.colcon_core.environment:create_file_with_runtime_dependencies(/home/muneeb/RoboFlexv2.0/brainswarm_ws/install/bras_robot_description/share/colcon-core/packages/bras_robot_description)
[0.725s] Level 1:colcon.colcon_core.environment:checking '/home/muneeb/RoboFlexv2.0/brainswarm_ws/install/dynamixel_hardware/lib'
[0.725s] Level 1:colcon.colcon_core.shell:create_environment_hook('dynamixel_hardware', 'ld_library_path_lib')
[0.725s] Level 1:colcon.colcon_core.environment:create_environment_scripts_only(bras_robot_description)
[0.726s] INFO:colcon.colcon_core.shell:Creating environment hook '/home/muneeb/RoboFlexv2.0/brainswarm_ws/install/dynamixel_hardware/share/dynamixel_hardware/hook/ld_library_path_lib.ps1'
[0.726s] Level 1:colcon.colcon_core.environment:checking '/home/muneeb/RoboFlexv2.0/brainswarm_ws/install/bras_robot_description' for CMake module files
[0.727s] Level 1:colcon.colcon_core.environment:checking '/home/muneeb/RoboFlexv2.0/brainswarm_ws/install/bras_robot_description' for CMake config files
[0.727s] Level 1:colcon.colcon_core.environment:checking '/home/muneeb/RoboFlexv2.0/brainswarm_ws/install/bras_robot_description' for CMake config files
[0.727s] Level 1:colcon.colcon_core.shell:create_environment_hook('bras_robot_description', 'cmake_prefix_path')
[0.727s] Level 1:colcon.colcon_core.shell:create_environment_hook('bras_robot_description', 'cmake_prefix_path')
[0.727s] INFO:colcon.colcon_core.shell:Creating environment descriptor '/home/muneeb/RoboFlexv2.0/brainswarm_ws/install/dynamixel_hardware/share/dynamixel_hardware/hook/ld_library_path_lib.dsv'
[0.727s] INFO:colcon.colcon_core.shell:Creating environment hook '/home/muneeb/RoboFlexv2.0/brainswarm_ws/install/bras_robot_description/share/bras_robot_description/hook/cmake_prefix_path.ps1'
[0.728s] INFO:colcon.colcon_core.shell:Creating environment hook '/home/muneeb/RoboFlexv2.0/brainswarm_ws/install/bras_robot_description/share/bras_robot_description/hook/cmake_prefix_path.ps1'
[0.728s] INFO:colcon.colcon_core.shell:Creating environment descriptor '/home/muneeb/RoboFlexv2.0/brainswarm_ws/install/bras_robot_description/share/bras_robot_description/hook/cmake_prefix_path.dsv'
[0.728s] INFO:colcon.colcon_core.shell:Creating environment hook '/home/muneeb/RoboFlexv2.0/brainswarm_ws/install/dynamixel_hardware/share/dynamixel_hardware/hook/ld_library_path_lib.sh'
[0.728s] INFO:colcon.colcon_core.shell:Creating environment descriptor '/home/muneeb/RoboFlexv2.0/brainswarm_ws/install/bras_robot_description/share/bras_robot_description/hook/cmake_prefix_path.dsv'
[0.729s] INFO:colcon.colcon_core.shell:Creating environment hook '/home/muneeb/RoboFlexv2.0/brainswarm_ws/install/bras_robot_description/share/bras_robot_description/hook/cmake_prefix_path.sh'
[0.729s] Level 1:colcon.colcon_core.environment:checking '/home/muneeb/RoboFlexv2.0/brainswarm_ws/install/dynamixel_hardware/bin'
[0.729s] Level 1:colcon.colcon_core.environment:checking '/home/muneeb/RoboFlexv2.0/brainswarm_ws/install/dynamixel_hardware/lib/pkgconfig/dynamixel_hardware.pc'
[0.729s] INFO:colcon.colcon_core.shell:Creating environment hook '/home/muneeb/RoboFlexv2.0/brainswarm_ws/install/bras_robot_description/share/bras_robot_description/hook/cmake_prefix_path.sh'
[0.730s] Level 1:colcon.colcon_core.environment:checking '/home/muneeb/RoboFlexv2.0/brainswarm_ws/install/dynamixel_hardware/lib/python3.12/site-packages'
[0.730s] Level 1:colcon.colcon_core.environment:checking '/home/muneeb/RoboFlexv2.0/brainswarm_ws/install/dynamixel_hardware/bin'
[0.730s] Level 1:colcon.colcon_core.environment:checking '/home/muneeb/RoboFlexv2.0/brainswarm_ws/install/bras_robot_description/bin'
[0.730s] Level 1:colcon.colcon_core.environment:checking '/home/muneeb/RoboFlexv2.0/brainswarm_ws/install/bras_robot_description/lib/pkgconfig/bras_robot_description.pc'
[0.731s] Level 1:colcon.colcon_core.environment:checking '/home/muneeb/RoboFlexv2.0/brainswarm_ws/install/bras_robot_description/lib/python3.12/site-packages'
[0.732s] Level 1:colcon.colcon_core.environment:checking '/home/muneeb/RoboFlexv2.0/brainswarm_ws/install/bras_robot_description/bin'
[0.732s] INFO:colcon.colcon_core.shell:Creating package script '/home/muneeb/RoboFlexv2.0/brainswarm_ws/install/bras_robot_description/share/bras_robot_description/package.ps1'
[0.733s] INFO:colcon.colcon_core.shell:Creating package descriptor '/home/muneeb/RoboFlexv2.0/brainswarm_ws/install/bras_robot_description/share/bras_robot_description/package.dsv'
[0.734s] INFO:colcon.colcon_core.shell:Creating package script '/home/muneeb/RoboFlexv2.0/brainswarm_ws/install/bras_robot_description/share/bras_robot_description/package.sh'
[0.734s] Level 1:colcon.colcon_core.environment:checking '/home/muneeb/RoboFlexv2.0/brainswarm_ws/install/bras_robot_description/bin'
[0.735s] INFO:colcon.colcon_core.shell:Creating package script '/home/muneeb/RoboFlexv2.0/brainswarm_ws/install/dynamixel_hardware/share/dynamixel_hardware/package.ps1'
[0.735s] Level 1:colcon.colcon_core.environment:checking '/home/muneeb/RoboFlexv2.0/brainswarm_ws/install/bras_robot_description/lib/pkgconfig/bras_robot_description.pc'
[0.735s] Level 1:colcon.colcon_core.environment:checking '/home/muneeb/RoboFlexv2.0/brainswarm_ws/install/bras_robot_description/lib/python3.12/site-packages'
[0.736s] Level 1:colcon.colcon_core.environment:checking '/home/muneeb/RoboFlexv2.0/brainswarm_ws/install/bras_robot_description/bin'
[0.736s] INFO:colcon.colcon_core.shell:Creating package script '/home/muneeb/RoboFlexv2.0/brainswarm_ws/install/bras_robot_description/share/bras_robot_description/package.ps1'
[0.737s] INFO:colcon.colcon_core.shell:Creating package descriptor '/home/muneeb/RoboFlexv2.0/brainswarm_ws/install/bras_robot_description/share/bras_robot_description/package.dsv'
[0.738s] INFO:colcon.colcon_core.shell:Creating package script '/home/muneeb/RoboFlexv2.0/brainswarm_ws/install/bras_robot_description/share/bras_robot_description/package.sh'
[0.738s] INFO:colcon.colcon_core.shell:Creating package descriptor '/home/muneeb/RoboFlexv2.0/brainswarm_ws/install/dynamixel_hardware/share/dynamixel_hardware/package.dsv'
[0.738s] INFO:colcon.colcon_core.shell:Creating package script '/home/muneeb/RoboFlexv2.0/brainswarm_ws/install/bras_robot_description/share/bras_robot_description/package.bash'
[0.739s] INFO:colcon.colcon_core.shell:Creating package script '/home/muneeb/RoboFlexv2.0/brainswarm_ws/install/dynamixel_hardware/share/dynamixel_hardware/package.sh'
[0.739s] INFO:colcon.colcon_core.shell:Creating package script '/home/muneeb/RoboFlexv2.0/brainswarm_ws/install/bras_robot_description/share/bras_robot_description/package.zsh'
[0.740s] Level 1:colcon.colcon_core.environment:create_file_with_runtime_dependencies(/home/muneeb/RoboFlexv2.0/brainswarm_ws/install/bras_robot_description/share/colcon-core/packages/bras_robot_description)
[0.740s] INFO:colcon.colcon_core.shell:Creating package script '/home/muneeb/RoboFlexv2.0/brainswarm_ws/install/dynamixel_hardware/share/dynamixel_hardware/package.bash'
[0.740s] INFO:colcon.colcon_core.shell:Creating package script '/home/muneeb/RoboFlexv2.0/brainswarm_ws/install/bras_robot_description/share/bras_robot_description/package.bash'
[0.740s] INFO:colcon.colcon_core.shell:Creating package script '/home/muneeb/RoboFlexv2.0/brainswarm_ws/install/dynamixel_hardware/share/dynamixel_hardware/package.zsh'
[0.740s] INFO:colcon.colcon_core.shell:Creating package script '/home/muneeb/RoboFlexv2.0/brainswarm_ws/install/bras_robot_description/share/bras_robot_description/package.zsh'
[0.741s] Level 1:colcon.colcon_core.environment:create_file_with_runtime_dependencies(/home/muneeb/RoboFlexv2.0/brainswarm_ws/install/dynamixel_hardware/share/colcon-core/packages/dynamixel_hardware)
[0.741s] Level 1:colcon.colcon_core.environment:create_file_with_runtime_dependencies(/home/muneeb/RoboFlexv2.0/brainswarm_ws/install/bras_robot_description/share/colcon-core/packages/bras_robot_description)
[0.742s] INFO:colcon.colcon_ros.task.ament_cmake.build:Building ROS package in '/home/muneeb/RoboFlexv2.0/brainswarm_ws/src/roboflex_moveit_config' with build type 'ament_cmake'
[0.742s] Level 1:colcon.colcon_core.environment:create_environment_scripts_only(dynamixel_hardware)
[0.742s] INFO:colcon.colcon_cmake.task.cmake.build:Building CMake package in '/home/muneeb/RoboFlexv2.0/brainswarm_ws/src/roboflex_moveit_config'
[0.742s] INFO:colcon.colcon_core.shell:Skip shell extension 'powershell' for command environment: Not usable outside of PowerShell
[0.742s] DEBUG:colcon.colcon_core.shell:Skip shell extension 'dsv' for command environment
[0.742s] Level 1:colcon.colcon_core.environment:checking '/home/muneeb/RoboFlexv2.0/brainswarm_ws/install/dynamixel_hardware' for CMake module files
[0.744s] DEBUG:colcon.colcon_core.event_handler.log_command:Invoking command in '/home/muneeb/RoboFlexv2.0/brainswarm_ws/build/roboflex_moveit_config': AMENT_PREFIX_PATH=/home/muneeb/RoboFlexv2.0/brainswarm_ws/install/roboflex_description:${AMENT_PREFIX_PATH} CMAKE_PREFIX_PATH=/home/muneeb/RoboFlexv2.0/brainswarm_ws/install/roboflex_description:/opt/ros/jazzy/opt/gz_sim_vendor:/opt/ros/jazzy/opt/gz_sensors_vendor:/opt/ros/jazzy/opt/gz_physics_vendor:/opt/ros/jazzy/opt/sdformat_vendor:/opt/ros/jazzy/opt/gz_gui_vendor:/opt/ros/jazzy/opt/gz_transport_vendor:/opt/ros/jazzy/opt/gz_rendering_vendor:/opt/ros/jazzy/opt/gz_plugin_vendor:/opt/ros/jazzy/opt/gz_fuel_tools_vendor:/opt/ros/jazzy/opt/gz_msgs_vendor:/opt/ros/jazzy/opt/gz_common_vendor:/opt/ros/jazzy/opt/gz_math_vendor:/opt/ros/jazzy/opt/gz_utils_vendor:/opt/ros/jazzy/opt/gz_tools_vendor:/opt/ros/jazzy/opt/gz_ogre_next_vendor:/opt/ros/jazzy/opt/gz_dartsim_vendor:/opt/ros/jazzy/opt/gz_cmake_vendor:/opt/ros/jazzy DEBUGINFOD_URLS=https://debuginfod.neon.kde.org/ https://debuginfod.ubuntu.com/ /usr/bin/cmake --build /home/muneeb/RoboFlexv2.0/brainswarm_ws/build/roboflex_moveit_config -- -j8 -l8
[0.744s] Level 1:colcon.colcon_core.environment:checking '/home/muneeb/RoboFlexv2.0/brainswarm_ws/install/dynamixel_hardware' for CMake config files
[0.745s] Level 1:colcon.colcon_core.shell:create_environment_hook('dynamixel_hardware', 'cmake_prefix_path')
[0.745s] INFO:colcon.colcon_core.shell:Creating environment hook '/home/muneeb/RoboFlexv2.0/brainswarm_ws/install/dynamixel_hardware/share/dynamixel_hardware/hook/cmake_prefix_path.ps1'
[0.746s] INFO:colcon.colcon_core.shell:Creating environment descriptor '/home/muneeb/RoboFlexv2.0/brainswarm_ws/install/dynamixel_hardware/share/dynamixel_hardware/hook/cmake_prefix_path.dsv'
[0.747s] INFO:colcon.colcon_core.shell:Creating environment hook '/home/muneeb/RoboFlexv2.0/brainswarm_ws/install/dynamixel_hardware/share/dynamixel_hardware/hook/cmake_prefix_path.sh'
[0.748s] Level 1:colcon.colcon_core.environment:checking '/home/muneeb/RoboFlexv2.0/brainswarm_ws/install/dynamixel_hardware/lib'
[0.748s] Level 1:colcon.colcon_core.shell:create_environment_hook('dynamixel_hardware', 'ld_library_path_lib')
[0.749s] INFO:colcon.colcon_core.shell:Creating environment hook '/home/muneeb/RoboFlexv2.0/brainswarm_ws/install/dynamixel_hardware/share/dynamixel_hardware/hook/ld_library_path_lib.ps1'
[0.749s] INFO:colcon.colcon_core.shell:Creating environment descriptor '/home/muneeb/RoboFlexv2.0/brainswarm_ws/install/dynamixel_hardware/share/dynamixel_hardware/hook/ld_library_path_lib.dsv'
[0.751s] INFO:colcon.colcon_core.shell:Creating environment hook '/home/muneeb/RoboFlexv2.0/brainswarm_ws/install/dynamixel_hardware/share/dynamixel_hardware/hook/ld_library_path_lib.sh'
[0.752s] Level 1:colcon.colcon_core.environment:checking '/home/muneeb/RoboFlexv2.0/brainswarm_ws/install/dynamixel_hardware/bin'
[0.752s] Level 1:colcon.colcon_core.environment:checking '/home/muneeb/RoboFlexv2.0/brainswarm_ws/install/dynamixel_hardware/lib/pkgconfig/dynamixel_hardware.pc'
[0.754s] Level 1:colcon.colcon_core.environment:checking '/home/muneeb/RoboFlexv2.0/brainswarm_ws/install/dynamixel_hardware/lib/python3.12/site-packages'
[0.755s] Level 1:colcon.colcon_core.environment:checking '/home/muneeb/RoboFlexv2.0/brainswarm_ws/install/dynamixel_hardware/bin'
[0.755s] INFO:colcon.colcon_core.shell:Creating package script '/home/muneeb/RoboFlexv2.0/brainswarm_ws/install/dynamixel_hardware/share/dynamixel_hardware/package.ps1'
[0.756s] Level 1:colcon.colcon_core.environment:create_environment_scripts_only(dynamixel_hardware)
[0.756s] Level 1:colcon.colcon_core.environment:checking '/home/muneeb/RoboFlexv2.0/brainswarm_ws/install/dynamixel_hardware' for CMake module files
[0.757s] INFO:colcon.colcon_core.shell:Creating package descriptor '/home/muneeb/RoboFlexv2.0/brainswarm_ws/install/dynamixel_hardware/share/dynamixel_hardware/package.dsv'
[0.757s] Level 1:colcon.colcon_core.environment:checking '/home/muneeb/RoboFlexv2.0/brainswarm_ws/install/dynamixel_hardware' for CMake config files
[0.758s] Level 1:colcon.colcon_core.shell:create_environment_hook('dynamixel_hardware', 'cmake_prefix_path')
[0.758s] INFO:colcon.colcon_core.shell:Creating environment hook '/home/muneeb/RoboFlexv2.0/brainswarm_ws/install/dynamixel_hardware/share/dynamixel_hardware/hook/cmake_prefix_path.ps1'
[0.758s] INFO:colcon.colcon_core.shell:Creating package script '/home/muneeb/RoboFlexv2.0/brainswarm_ws/install/dynamixel_hardware/share/dynamixel_hardware/package.sh'
[0.759s] INFO:colcon.colcon_core.shell:Creating environment descriptor '/home/muneeb/RoboFlexv2.0/brainswarm_ws/install/dynamixel_hardware/share/dynamixel_hardware/hook/cmake_prefix_path.dsv'
[0.759s] INFO:colcon.colcon_core.shell:Creating package script '/home/muneeb/RoboFlexv2.0/brainswarm_ws/install/dynamixel_hardware/share/dynamixel_hardware/package.bash'
[0.760s] INFO:colcon.colcon_core.shell:Creating package script '/home/muneeb/RoboFlexv2.0/brainswarm_ws/install/dynamixel_hardware/share/dynamixel_hardware/package.zsh'
[0.761s] Level 1:colcon.colcon_core.environment:create_file_with_runtime_dependencies(/home/muneeb/RoboFlexv2.0/brainswarm_ws/install/dynamixel_hardware/share/colcon-core/packages/dynamixel_hardware)
[0.761s] DEBUG:colcon.colcon_core.event_handler.log_command:Invoked command in '/home/muneeb/RoboFlexv2.0/brainswarm_ws/build/dynamixel_hardware' returned '0': CMAKE_PREFIX_PATH=${CMAKE_PREFIX_PATH}:/opt/ros/jazzy DEBUGINFOD_URLS=https://debuginfod.neon.kde.org/ https://debuginfod.ubuntu.com/ /usr/bin/cmake --install /home/muneeb/RoboFlexv2.0/brainswarm_ws/build/dynamixel_hardware
[0.762s] INFO:colcon.colcon_core.shell:Creating environment hook '/home/muneeb/RoboFlexv2.0/brainswarm_ws/install/dynamixel_hardware/share/dynamixel_hardware/hook/cmake_prefix_path.sh'
[0.763s] Level 1:colcon.colcon_core.environment:checking '/home/muneeb/RoboFlexv2.0/brainswarm_ws/install/dynamixel_hardware/lib'
[0.763s] Level 1:colcon.colcon_core.shell:create_environment_hook('dynamixel_hardware', 'ld_library_path_lib')
[0.763s] INFO:colcon.colcon_core.shell:Creating environment hook '/home/muneeb/RoboFlexv2.0/brainswarm_ws/install/dynamixel_hardware/share/dynamixel_hardware/hook/ld_library_path_lib.ps1'
[0.766s] INFO:colcon.colcon_core.shell:Creating environment descriptor '/home/muneeb/RoboFlexv2.0/brainswarm_ws/install/dynamixel_hardware/share/dynamixel_hardware/hook/ld_library_path_lib.dsv'
[0.766s] DEBUG:colcon.colcon_core.event_handler.log_command:Invoking command in '/home/muneeb/RoboFlexv2.0/brainswarm_ws/build/roboflex_moveit_config': AMENT_PREFIX_PATH=/home/muneeb/RoboFlexv2.0/brainswarm_ws/install/roboflex_description:${AMENT_PREFIX_PATH} CMAKE_PREFIX_PATH=/home/muneeb/RoboFlexv2.0/brainswarm_ws/install/roboflex_description:/opt/ros/jazzy/opt/gz_sim_vendor:/opt/ros/jazzy/opt/gz_sensors_vendor:/opt/ros/jazzy/opt/gz_physics_vendor:/opt/ros/jazzy/opt/sdformat_vendor:/opt/ros/jazzy/opt/gz_gui_vendor:/opt/ros/jazzy/opt/gz_transport_vendor:/opt/ros/jazzy/opt/gz_rendering_vendor:/opt/ros/jazzy/opt/gz_plugin_vendor:/opt/ros/jazzy/opt/gz_fuel_tools_vendor:/opt/ros/jazzy/opt/gz_msgs_vendor:/opt/ros/jazzy/opt/gz_common_vendor:/opt/ros/jazzy/opt/gz_math_vendor:/opt/ros/jazzy/opt/gz_utils_vendor:/opt/ros/jazzy/opt/gz_tools_vendor:/opt/ros/jazzy/opt/gz_ogre_next_vendor:/opt/ros/jazzy/opt/gz_dartsim_vendor:/opt/ros/jazzy/opt/gz_cmake_vendor:/opt/ros/jazzy DEBUGINFOD_URLS=https://debuginfod.neon.kde.org/ https://debuginfod.ubuntu.com/ /usr/bin/cmake --build /home/muneeb/RoboFlexv2.0/brainswarm_ws/build/roboflex_moveit_config -- -j8 -l8
[0.769s] INFO:colcon.colcon_core.shell:Creating environment hook '/home/muneeb/RoboFlexv2.0/brainswarm_ws/install/dynamixel_hardware/share/dynamixel_hardware/hook/ld_library_path_lib.sh'
[0.770s] Level 1:colcon.colcon_core.environment:checking '/home/muneeb/RoboFlexv2.0/brainswarm_ws/install/dynamixel_hardware/bin'
[0.770s] Level 1:colcon.colcon_core.environment:checking '/home/muneeb/RoboFlexv2.0/brainswarm_ws/install/dynamixel_hardware/lib/pkgconfig/dynamixel_hardware.pc'
[0.770s] Level 1:colcon.colcon_core.environment:checking '/home/muneeb/RoboFlexv2.0/brainswarm_ws/install/dynamixel_hardware/lib/python3.12/site-packages'
[0.770s] Level 1:colcon.colcon_core.environment:checking '/home/muneeb/RoboFlexv2.0/brainswarm_ws/install/dynamixel_hardware/bin'
[0.771s] INFO:colcon.colcon_core.shell:Creating package script '/home/muneeb/RoboFlexv2.0/brainswarm_ws/install/dynamixel_hardware/share/dynamixel_hardware/package.ps1'
[0.772s] INFO:colcon.colcon_core.shell:Creating package descriptor '/home/muneeb/RoboFlexv2.0/brainswarm_ws/install/dynamixel_hardware/share/dynamixel_hardware/package.dsv'
[0.773s] INFO:colcon.colcon_core.shell:Creating package script '/home/muneeb/RoboFlexv2.0/brainswarm_ws/install/dynamixel_hardware/share/dynamixel_hardware/package.sh'
[0.773s] INFO:colcon.colcon_core.shell:Creating package script '/home/muneeb/RoboFlexv2.0/brainswarm_ws/install/dynamixel_hardware/share/dynamixel_hardware/package.bash'
[0.774s] INFO:colcon.colcon_core.shell:Creating package script '/home/muneeb/RoboFlexv2.0/brainswarm_ws/install/dynamixel_hardware/share/dynamixel_hardware/package.zsh'
[0.775s] Level 1:colcon.colcon_core.environment:create_file_with_runtime_dependencies(/home/muneeb/RoboFlexv2.0/brainswarm_ws/install/dynamixel_hardware/share/colcon-core/packages/dynamixel_hardware)
[0.778s] Level 1:colcon.colcon_core.environment:create_environment_scripts_only(dynamixel_hardware)
[0.778s] Level 1:colcon.colcon_core.environment:checking '/home/muneeb/RoboFlexv2.0/brainswarm_ws/install/dynamixel_hardware' for CMake module files
[0.779s] DEBUG:colcon.colcon_core.event_handler.log_command:Invoked command in '/home/muneeb/RoboFlexv2.0/brainswarm_ws/build/dynamixel_hardware' returned '0': CMAKE_PREFIX_PATH=${CMAKE_PREFIX_PATH}:/opt/ros/jazzy DEBUGINFOD_URLS=https://debuginfod.neon.kde.org/ https://debuginfod.ubuntu.com/ /usr/bin/cmake --build /home/muneeb/RoboFlexv2.0/brainswarm_ws/build/dynamixel_hardware -- -j8 -l8
[0.779s] Level 1:colcon.colcon_core.environment:checking '/home/muneeb/RoboFlexv2.0/brainswarm_ws/install/dynamixel_hardware' for CMake config files
[0.779s] DEBUG:colcon.colcon_core.event_handler.log_command:Invoking command in '/home/muneeb/RoboFlexv2.0/brainswarm_ws/build/dynamixel_hardware': CMAKE_PREFIX_PATH=${CMAKE_PREFIX_PATH}:/opt/ros/jazzy DEBUGINFOD_URLS=https://debuginfod.neon.kde.org/ https://debuginfod.ubuntu.com/ /usr/bin/cmake --install /home/muneeb/RoboFlexv2.0/brainswarm_ws/build/dynamixel_hardware
[0.779s] Level 1:colcon.colcon_core.shell:create_environment_hook('dynamixel_hardware', 'cmake_prefix_path')
[0.780s] INFO:colcon.colcon_core.shell:Creating environment hook '/home/muneeb/RoboFlexv2.0/brainswarm_ws/install/dynamixel_hardware/share/dynamixel_hardware/hook/cmake_prefix_path.ps1'
[0.781s] INFO:colcon.colcon_core.shell:Creating environment descriptor '/home/muneeb/RoboFlexv2.0/brainswarm_ws/install/dynamixel_hardware/share/dynamixel_hardware/hook/cmake_prefix_path.dsv'
[0.782s] INFO:colcon.colcon_core.shell:Creating environment hook '/home/muneeb/RoboFlexv2.0/brainswarm_ws/install/dynamixel_hardware/share/dynamixel_hardware/hook/cmake_prefix_path.sh'
[0.782s] DEBUG:colcon.colcon_core.event_handler.log_command:Invoked command in '/home/muneeb/RoboFlexv2.0/brainswarm_ws/build/roboflex_moveit_config' returned '0': AMENT_PREFIX_PATH=/home/muneeb/RoboFlexv2.0/brainswarm_ws/install/roboflex_description:${AMENT_PREFIX_PATH} CMAKE_PREFIX_PATH=/home/muneeb/RoboFlexv2.0/brainswarm_ws/install/roboflex_description:/opt/ros/jazzy/opt/gz_sim_vendor:/opt/ros/jazzy/opt/gz_sensors_vendor:/opt/ros/jazzy/opt/gz_physics_vendor:/opt/ros/jazzy/opt/sdformat_vendor:/opt/ros/jazzy/opt/gz_gui_vendor:/opt/ros/jazzy/opt/gz_transport_vendor:/opt/ros/jazzy/opt/gz_rendering_vendor:/opt/ros/jazzy/opt/gz_plugin_vendor:/opt/ros/jazzy/opt/gz_fuel_tools_vendor:/opt/ros/jazzy/opt/gz_msgs_vendor:/opt/ros/jazzy/opt/gz_common_vendor:/opt/ros/jazzy/opt/gz_math_vendor:/opt/ros/jazzy/opt/gz_utils_vendor:/opt/ros/jazzy/opt/gz_tools_vendor:/opt/ros/jazzy/opt/gz_ogre_next_vendor:/opt/ros/jazzy/opt/gz_dartsim_vendor:/opt/ros/jazzy/opt/gz_cmake_vendor:/opt/ros/jazzy DEBUGINFOD_URLS=https://debuginfod.neon.kde.org/ https://debuginfod.ubuntu.com/ /usr/bin/cmake --build /home/muneeb/RoboFlexv2.0/brainswarm_ws/build/roboflex_moveit_config -- -j8 -l8
[0.783s] Level 1:colcon.colcon_core.environment:checking '/home/muneeb/RoboFlexv2.0/brainswarm_ws/install/dynamixel_hardware/lib'
[0.783s] DEBUG:colcon.colcon_core.event_handler.log_command:Invoking command in '/home/muneeb/RoboFlexv2.0/brainswarm_ws/build/roboflex_moveit_config': AMENT_PREFIX_PATH=/home/muneeb/RoboFlexv2.0/brainswarm_ws/install/roboflex_description:${AMENT_PREFIX_PATH} CMAKE_PREFIX_PATH=/home/muneeb/RoboFlexv2.0/brainswarm_ws/install/roboflex_description:/opt/ros/jazzy/opt/gz_sim_vendor:/opt/ros/jazzy/opt/gz_sensors_vendor:/opt/ros/jazzy/opt/gz_physics_vendor:/opt/ros/jazzy/opt/sdformat_vendor:/opt/ros/jazzy/opt/gz_gui_vendor:/opt/ros/jazzy/opt/gz_transport_vendor:/opt/ros/jazzy/opt/gz_rendering_vendor:/opt/ros/jazzy/opt/gz_plugin_vendor:/opt/ros/jazzy/opt/gz_fuel_tools_vendor:/opt/ros/jazzy/opt/gz_msgs_vendor:/opt/ros/jazzy/opt/gz_common_vendor:/opt/ros/jazzy/opt/gz_math_vendor:/opt/ros/jazzy/opt/gz_utils_vendor:/opt/ros/jazzy/opt/gz_tools_vendor:/opt/ros/jazzy/opt/gz_ogre_next_vendor:/opt/ros/jazzy/opt/gz_dartsim_vendor:/opt/ros/jazzy/opt/gz_cmake_vendor:/opt/ros/jazzy DEBUGINFOD_URLS=https://debuginfod.neon.kde.org/ https://debuginfod.ubuntu.com/ /usr/bin/cmake --install /home/muneeb/RoboFlexv2.0/brainswarm_ws/build/roboflex_moveit_config
[0.783s] Level 1:colcon.colcon_core.shell:create_environment_hook('dynamixel_hardware', 'ld_library_path_lib')
[0.784s] INFO:colcon.colcon_core.shell:Creating environment hook '/home/muneeb/RoboFlexv2.0/brainswarm_ws/install/dynamixel_hardware/share/dynamixel_hardware/hook/ld_library_path_lib.ps1'
[0.785s] INFO:colcon.colcon_core.shell:Creating environment descriptor '/home/muneeb/RoboFlexv2.0/brainswarm_ws/install/dynamixel_hardware/share/dynamixel_hardware/hook/ld_library_path_lib.dsv'
[0.788s] INFO:colcon.colcon_core.shell:Creating environment hook '/home/muneeb/RoboFlexv2.0/brainswarm_ws/install/dynamixel_hardware/share/dynamixel_hardware/hook/ld_library_path_lib.sh'
[0.789s] Level 1:colcon.colcon_core.environment:checking '/home/muneeb/RoboFlexv2.0/brainswarm_ws/install/dynamixel_hardware/bin'
[0.789s] Level 1:colcon.colcon_core.environment:checking '/home/muneeb/RoboFlexv2.0/brainswarm_ws/install/dynamixel_hardware/lib/pkgconfig/dynamixel_hardware.pc'
[0.790s] Level 1:colcon.colcon_core.environment:checking '/home/muneeb/RoboFlexv2.0/brainswarm_ws/install/dynamixel_hardware/lib/python3.12/site-packages'
[0.790s] Level 1:colcon.colcon_core.environment:checking '/home/muneeb/RoboFlexv2.0/brainswarm_ws/install/dynamixel_hardware/bin'
[0.791s] INFO:colcon.colcon_core.shell:Creating package script '/home/muneeb/RoboFlexv2.0/brainswarm_ws/install/dynamixel_hardware/share/dynamixel_hardware/package.ps1'
[0.793s] INFO:colcon.colcon_core.shell:Creating package descriptor '/home/muneeb/RoboFlexv2.0/brainswarm_ws/install/dynamixel_hardware/share/dynamixel_hardware/package.dsv'
[0.794s] INFO:colcon.colcon_core.shell:Creating package script '/home/muneeb/RoboFlexv2.0/brainswarm_ws/install/dynamixel_hardware/share/dynamixel_hardware/package.sh'
[0.794s] INFO:colcon.colcon_core.shell:Creating package script '/home/muneeb/RoboFlexv2.0/brainswarm_ws/install/dynamixel_hardware/share/dynamixel_hardware/package.bash'
[0.795s] INFO:colcon.colcon_core.shell:Creating package script '/home/muneeb/RoboFlexv2.0/brainswarm_ws/install/dynamixel_hardware/share/dynamixel_hardware/package.zsh'
[0.802s] Level 1:colcon.colcon_core.environment:create_file_with_runtime_dependencies(/home/muneeb/RoboFlexv2.0/brainswarm_ws/install/dynamixel_hardware/share/colcon-core/packages/dynamixel_hardware)
[0.803s] Level 1:colcon.colcon_core.environment:create_environment_scripts_only(roboflex_moveit_config)
[0.803s] Level 1:colcon.colcon_core.environment:checking '/home/muneeb/RoboFlexv2.0/brainswarm_ws/install/roboflex_moveit_config' for CMake module files
[0.805s] Level 1:colcon.colcon_core.environment:checking '/home/muneeb/RoboFlexv2.0/brainswarm_ws/install/roboflex_moveit_config' for CMake config files
[0.805s] Level 1:colcon.colcon_core.shell:create_environment_hook('roboflex_moveit_config', 'cmake_prefix_path')
[0.805s] INFO:colcon.colcon_core.shell:Creating environment hook '/home/muneeb/RoboFlexv2.0/brainswarm_ws/install/roboflex_moveit_config/share/roboflex_moveit_config/hook/cmake_prefix_path.ps1'
[0.806s] INFO:colcon.colcon_core.shell:Creating environment descriptor '/home/muneeb/RoboFlexv2.0/brainswarm_ws/install/roboflex_moveit_config/share/roboflex_moveit_config/hook/cmake_prefix_path.dsv'
[0.807s] Level 1:colcon.colcon_core.environment:create_environment_scripts_only(dynamixel_hardware)
[0.807s] INFO:colcon.colcon_core.shell:Creating environment hook '/home/muneeb/RoboFlexv2.0/brainswarm_ws/install/roboflex_moveit_config/share/roboflex_moveit_config/hook/cmake_prefix_path.sh'
[0.807s] Level 1:colcon.colcon_core.environment:checking '/home/muneeb/RoboFlexv2.0/brainswarm_ws/install/dynamixel_hardware' for CMake module files
[0.808s] Level 1:colcon.colcon_core.environment:checking '/home/muneeb/RoboFlexv2.0/brainswarm_ws/install/roboflex_moveit_config/bin'
[0.808s] Level 1:colcon.colcon_core.environment:checking '/home/muneeb/RoboFlexv2.0/brainswarm_ws/install/roboflex_moveit_config/lib/pkgconfig/roboflex_moveit_config.pc'
[0.808s] Level 1:colcon.colcon_core.environment:checking '/home/muneeb/RoboFlexv2.0/brainswarm_ws/install/dynamixel_hardware' for CMake config files
[0.808s] Level 1:colcon.colcon_core.environment:checking '/home/muneeb/RoboFlexv2.0/brainswarm_ws/install/roboflex_moveit_config/lib/python3.12/site-packages'
[0.809s] Level 1:colcon.colcon_core.environment:checking '/home/muneeb/RoboFlexv2.0/brainswarm_ws/install/roboflex_moveit_config/bin'
[0.809s] Level 1:colcon.colcon_core.shell:create_environment_hook('dynamixel_hardware', 'cmake_prefix_path')
[0.809s] INFO:colcon.colcon_core.shell:Creating package script '/home/muneeb/RoboFlexv2.0/brainswarm_ws/install/roboflex_moveit_config/share/roboflex_moveit_config/package.ps1'
[0.809s] INFO:colcon.colcon_core.shell:Creating environment hook '/home/muneeb/RoboFlexv2.0/brainswarm_ws/install/dynamixel_hardware/share/dynamixel_hardware/hook/cmake_prefix_path.ps1'
[0.810s] INFO:colcon.colcon_core.shell:Creating package descriptor '/home/muneeb/RoboFlexv2.0/brainswarm_ws/install/roboflex_moveit_config/share/roboflex_moveit_config/package.dsv'
[0.811s] INFO:colcon.colcon_core.shell:Creating package script '/home/muneeb/RoboFlexv2.0/brainswarm_ws/install/roboflex_moveit_config/share/roboflex_moveit_config/package.sh'
[0.811s] INFO:colcon.colcon_core.shell:Creating package script '/home/muneeb/RoboFlexv2.0/brainswarm_ws/install/roboflex_moveit_config/share/roboflex_moveit_config/package.bash'
[0.812s] DEBUG:colcon.colcon_core.event_handler.log_command:Invoked command in '/home/muneeb/RoboFlexv2.0/brainswarm_ws/build/dynamixel_hardware' returned '0': CMAKE_PREFIX_PATH=${CMAKE_PREFIX_PATH}:/opt/ros/jazzy DEBUGINFOD_URLS=https://debuginfod.neon.kde.org/ https://debuginfod.ubuntu.com/ /usr/bin/cmake --install /home/muneeb/RoboFlexv2.0/brainswarm_ws/build/dynamixel_hardware
[0.812s] INFO:colcon.colcon_core.shell:Creating package script '/home/muneeb/RoboFlexv2.0/brainswarm_ws/install/roboflex_moveit_config/share/roboflex_moveit_config/package.zsh'
[0.812s] Level 1:colcon.colcon_core.environment:create_file_with_runtime_dependencies(/home/muneeb/RoboFlexv2.0/brainswarm_ws/install/roboflex_moveit_config/share/colcon-core/packages/roboflex_moveit_config)
[0.812s] INFO:colcon.colcon_core.shell:Creating environment descriptor '/home/muneeb/RoboFlexv2.0/brainswarm_ws/install/dynamixel_hardware/share/dynamixel_hardware/hook/cmake_prefix_path.dsv'
[0.813s] INFO:colcon.colcon_core.shell:Creating environment hook '/home/muneeb/RoboFlexv2.0/brainswarm_ws/install/dynamixel_hardware/share/dynamixel_hardware/hook/cmake_prefix_path.sh'
[0.813s] Level 1:colcon.colcon_core.environment:create_environment_scripts_only(roboflex_moveit_config)
[0.813s] Level 1:colcon.colcon_core.environment:checking '/home/muneeb/RoboFlexv2.0/brainswarm_ws/install/roboflex_moveit_config' for CMake module files
[0.814s] Level 1:colcon.colcon_core.environment:checking '/home/muneeb/RoboFlexv2.0/brainswarm_ws/install/dynamixel_hardware/lib'
[0.814s] Level 1:colcon.colcon_core.shell:create_environment_hook('dynamixel_hardware', 'ld_library_path_lib')
[0.814s] Level 1:colcon.colcon_core.environment:checking '/home/muneeb/RoboFlexv2.0/brainswarm_ws/install/roboflex_moveit_config' for CMake config files
[0.815s] Level 1:colcon.colcon_core.shell:create_environment_hook('roboflex_moveit_config', 'cmake_prefix_path')
[0.815s] INFO:colcon.colcon_core.shell:Creating environment hook '/home/muneeb/RoboFlexv2.0/brainswarm_ws/install/dynamixel_hardware/share/dynamixel_hardware/hook/ld_library_path_lib.ps1'
[0.815s] INFO:colcon.colcon_core.shell:Creating environment hook '/home/muneeb/RoboFlexv2.0/brainswarm_ws/install/roboflex_moveit_config/share/roboflex_moveit_config/hook/cmake_prefix_path.ps1'
[0.815s] INFO:colcon.colcon_core.shell:Creating environment descriptor '/home/muneeb/RoboFlexv2.0/brainswarm_ws/install/dynamixel_hardware/share/dynamixel_hardware/hook/ld_library_path_lib.dsv'
[0.816s] INFO:colcon.colcon_core.shell:Creating environment descriptor '/home/muneeb/RoboFlexv2.0/brainswarm_ws/install/roboflex_moveit_config/share/roboflex_moveit_config/hook/cmake_prefix_path.dsv'
[0.816s] INFO:colcon.colcon_core.shell:Creating environment hook '/home/muneeb/RoboFlexv2.0/brainswarm_ws/install/dynamixel_hardware/share/dynamixel_hardware/hook/ld_library_path_lib.sh'
[0.816s] INFO:colcon.colcon_core.shell:Creating environment hook '/home/muneeb/RoboFlexv2.0/brainswarm_ws/install/roboflex_moveit_config/share/roboflex_moveit_config/hook/cmake_prefix_path.sh'
[0.817s] Level 1:colcon.colcon_core.environment:checking '/home/muneeb/RoboFlexv2.0/brainswarm_ws/install/dynamixel_hardware/bin'
[0.817s] Level 1:colcon.colcon_core.environment:checking '/home/muneeb/RoboFlexv2.0/brainswarm_ws/install/dynamixel_hardware/lib/pkgconfig/dynamixel_hardware.pc'
[0.817s] Level 1:colcon.colcon_core.environment:checking '/home/muneeb/RoboFlexv2.0/brainswarm_ws/install/roboflex_moveit_config/bin'
[0.817s] Level 1:colcon.colcon_core.environment:checking '/home/muneeb/RoboFlexv2.0/brainswarm_ws/install/roboflex_moveit_config/lib/pkgconfig/roboflex_moveit_config.pc'
[0.817s] Level 1:colcon.colcon_core.environment:checking '/home/muneeb/RoboFlexv2.0/brainswarm_ws/install/dynamixel_hardware/lib/python3.12/site-packages'
[0.818s] Level 1:colcon.colcon_core.environment:checking '/home/muneeb/RoboFlexv2.0/brainswarm_ws/install/dynamixel_hardware/bin'
[0.818s] INFO:colcon.colcon_core.shell:Creating package script '/home/muneeb/RoboFlexv2.0/brainswarm_ws/install/dynamixel_hardware/share/dynamixel_hardware/package.ps1'
[0.819s] INFO:colcon.colcon_core.shell:Creating package descriptor '/home/muneeb/RoboFlexv2.0/brainswarm_ws/install/dynamixel_hardware/share/dynamixel_hardware/package.dsv'
[0.820s] INFO:colcon.colcon_core.shell:Creating package script '/home/muneeb/RoboFlexv2.0/brainswarm_ws/install/dynamixel_hardware/share/dynamixel_hardware/package.sh'
[0.821s] INFO:colcon.colcon_core.shell:Creating package script '/home/muneeb/RoboFlexv2.0/brainswarm_ws/install/dynamixel_hardware/share/dynamixel_hardware/package.bash'
[0.821s] INFO:colcon.colcon_core.shell:Creating package script '/home/muneeb/RoboFlexv2.0/brainswarm_ws/install/dynamixel_hardware/share/dynamixel_hardware/package.zsh'
[0.818s] Level 1:colcon.colcon_core.environment:checking '/home/muneeb/RoboFlexv2.0/brainswarm_ws/install/roboflex_moveit_config/lib/python3.12/site-packages'
[0.822s] Level 1:colcon.colcon_core.environment:checking '/home/muneeb/RoboFlexv2.0/brainswarm_ws/install/roboflex_moveit_config/bin'
[0.822s] INFO:colcon.colcon_core.shell:Creating package script '/home/muneeb/RoboFlexv2.0/brainswarm_ws/install/roboflex_moveit_config/share/roboflex_moveit_config/package.ps1'
[0.823s] INFO:colcon.colcon_core.shell:Creating package descriptor '/home/muneeb/RoboFlexv2.0/brainswarm_ws/install/roboflex_moveit_config/share/roboflex_moveit_config/package.dsv'
[0.823s] Level 1:colcon.colcon_core.environment:create_file_with_runtime_dependencies(/home/muneeb/RoboFlexv2.0/brainswarm_ws/install/dynamixel_hardware/share/colcon-core/packages/dynamixel_hardware)
[0.824s] INFO:colcon.colcon_core.shell:Creating package script '/home/muneeb/RoboFlexv2.0/brainswarm_ws/install/roboflex_moveit_config/share/roboflex_moveit_config/package.sh'
[0.824s] Level 1:colcon.colcon_core.environment:create_environment_scripts_only(dynamixel_hardware)
[0.825s] Level 1:colcon.colcon_core.environment:checking '/home/muneeb/RoboFlexv2.0/brainswarm_ws/install/dynamixel_hardware' for CMake module files
[0.826s] Level 1:colcon.colcon_core.environment:checking '/home/muneeb/RoboFlexv2.0/brainswarm_ws/install/dynamixel_hardware' for CMake config files
[0.826s] DEBUG:colcon.colcon_core.event_handler.log_command:Invoked command in '/home/muneeb/RoboFlexv2.0/brainswarm_ws/build/roboflex_moveit_config' returned '0': AMENT_PREFIX_PATH=/home/muneeb/RoboFlexv2.0/brainswarm_ws/install/roboflex_description:${AMENT_PREFIX_PATH} CMAKE_PREFIX_PATH=/home/muneeb/RoboFlexv2.0/brainswarm_ws/install/roboflex_description:/opt/ros/jazzy/opt/gz_sim_vendor:/opt/ros/jazzy/opt/gz_sensors_vendor:/opt/ros/jazzy/opt/gz_physics_vendor:/opt/ros/jazzy/opt/sdformat_vendor:/opt/ros/jazzy/opt/gz_gui_vendor:/opt/ros/jazzy/opt/gz_transport_vendor:/opt/ros/jazzy/opt/gz_rendering_vendor:/opt/ros/jazzy/opt/gz_plugin_vendor:/opt/ros/jazzy/opt/gz_fuel_tools_vendor:/opt/ros/jazzy/opt/gz_msgs_vendor:/opt/ros/jazzy/opt/gz_common_vendor:/opt/ros/jazzy/opt/gz_math_vendor:/opt/ros/jazzy/opt/gz_utils_vendor:/opt/ros/jazzy/opt/gz_tools_vendor:/opt/ros/jazzy/opt/gz_ogre_next_vendor:/opt/ros/jazzy/opt/gz_dartsim_vendor:/opt/ros/jazzy/opt/gz_cmake_vendor:/opt/ros/jazzy DEBUGINFOD_URLS=https://debuginfod.neon.kde.org/ https://debuginfod.ubuntu.com/ /usr/bin/cmake --install /home/muneeb/RoboFlexv2.0/brainswarm_ws/build/roboflex_moveit_config
[0.826s] INFO:colcon.colcon_core.shell:Creating package script '/home/muneeb/RoboFlexv2.0/brainswarm_ws/install/roboflex_moveit_config/share/roboflex_moveit_config/package.bash'
[0.826s] Level 1:colcon.colcon_core.shell:create_environment_hook('dynamixel_hardware', 'cmake_prefix_path')
[0.826s] INFO:colcon.colcon_core.shell:Creating environment hook '/home/muneeb/RoboFlexv2.0/brainswarm_ws/install/dynamixel_hardware/share/dynamixel_hardware/hook/cmake_prefix_path.ps1'
[0.827s] INFO:colcon.colcon_core.shell:Creating package script '/home/muneeb/RoboFlexv2.0/brainswarm_ws/install/roboflex_moveit_config/share/roboflex_moveit_config/package.zsh'
[0.827s] INFO:colcon.colcon_core.shell:Creating environment descriptor '/home/muneeb/RoboFlexv2.0/brainswarm_ws/install/dynamixel_hardware/share/dynamixel_hardware/hook/cmake_prefix_path.dsv'
[0.827s] Level 1:colcon.colcon_core.environment:create_file_with_runtime_dependencies(/home/muneeb/RoboFlexv2.0/brainswarm_ws/install/roboflex_moveit_config/share/colcon-core/packages/roboflex_moveit_config)
[0.828s] INFO:colcon.colcon_core.shell:Creating environment hook '/home/muneeb/RoboFlexv2.0/brainswarm_ws/install/dynamixel_hardware/share/dynamixel_hardware/hook/cmake_prefix_path.sh'
[0.829s] Level 1:colcon.colcon_core.environment:checking '/home/muneeb/RoboFlexv2.0/brainswarm_ws/install/dynamixel_hardware/lib'
[0.829s] Level 1:colcon.colcon_core.shell:create_environment_hook('dynamixel_hardware', 'ld_library_path_lib')
[0.830s] INFO:colcon.colcon_core.shell:Creating environment hook '/home/muneeb/RoboFlexv2.0/brainswarm_ws/install/dynamixel_hardware/share/dynamixel_hardware/hook/ld_library_path_lib.ps1'
[0.830s] INFO:colcon.colcon_core.shell:Creating environment descriptor '/home/muneeb/RoboFlexv2.0/brainswarm_ws/install/dynamixel_hardware/share/dynamixel_hardware/hook/ld_library_path_lib.dsv'
[0.831s] INFO:colcon.colcon_core.shell:Creating environment hook '/home/muneeb/RoboFlexv2.0/brainswarm_ws/install/dynamixel_hardware/share/dynamixel_hardware/hook/ld_library_path_lib.sh'
[0.832s] Level 1:colcon.colcon_core.environment:checking '/home/muneeb/RoboFlexv2.0/brainswarm_ws/install/dynamixel_hardware/bin'
[0.832s] Level 1:colcon.colcon_core.environment:checking '/home/muneeb/RoboFlexv2.0/brainswarm_ws/install/dynamixel_hardware/lib/pkgconfig/dynamixel_hardware.pc'
[0.832s] Level 1:colcon.colcon_core.environment:checking '/home/muneeb/RoboFlexv2.0/brainswarm_ws/install/dynamixel_hardware/lib/python3.12/site-packages'
[0.833s] Level 1:colcon.colcon_core.environment:checking '/home/muneeb/RoboFlexv2.0/brainswarm_ws/install/dynamixel_hardware/bin'
[0.834s] INFO:colcon.colcon_core.shell:Creating package script '/home/muneeb/RoboFlexv2.0/brainswarm_ws/install/dynamixel_hardware/share/dynamixel_hardware/package.ps1'
[0.837s] INFO:colcon.colcon_core.shell:Creating package descriptor '/home/muneeb/RoboFlexv2.0/brainswarm_ws/install/dynamixel_hardware/share/dynamixel_hardware/package.dsv'
[0.838s] INFO:colcon.colcon_core.shell:Creating package script '/home/muneeb/RoboFlexv2.0/brainswarm_ws/install/dynamixel_hardware/share/dynamixel_hardware/package.sh'
[0.839s] INFO:colcon.colcon_core.shell:Creating package script '/home/muneeb/RoboFlexv2.0/brainswarm_ws/install/dynamixel_hardware/share/dynamixel_hardware/package.bash'
[0.840s] INFO:colcon.colcon_core.shell:Creating package script '/home/muneeb/RoboFlexv2.0/brainswarm_ws/install/dynamixel_hardware/share/dynamixel_hardware/package.zsh'
[0.841s] Level 1:colcon.colcon_core.environment:create_file_with_runtime_dependencies(/home/muneeb/RoboFlexv2.0/brainswarm_ws/install/dynamixel_hardware/share/colcon-core/packages/dynamixel_hardware)
[0.856s] DEBUG:colcon.colcon_core.event_handler.log_command:Invoked command in '/home/muneeb/RoboFlexv2.0/brainswarm_ws/build/roboflex_moveit_config' returned '0': AMENT_PREFIX_PATH=/home/muneeb/RoboFlexv2.0/brainswarm_ws/install/roboflex_description:${AMENT_PREFIX_PATH} CMAKE_PREFIX_PATH=/home/muneeb/RoboFlexv2.0/brainswarm_ws/install/roboflex_description:/opt/ros/jazzy/opt/gz_sim_vendor:/opt/ros/jazzy/opt/gz_sensors_vendor:/opt/ros/jazzy/opt/gz_physics_vendor:/opt/ros/jazzy/opt/sdformat_vendor:/opt/ros/jazzy/opt/gz_gui_vendor:/opt/ros/jazzy/opt/gz_transport_vendor:/opt/ros/jazzy/opt/gz_rendering_vendor:/opt/ros/jazzy/opt/gz_plugin_vendor:/opt/ros/jazzy/opt/gz_fuel_tools_vendor:/opt/ros/jazzy/opt/gz_msgs_vendor:/opt/ros/jazzy/opt/gz_common_vendor:/opt/ros/jazzy/opt/gz_math_vendor:/opt/ros/jazzy/opt/gz_utils_vendor:/opt/ros/jazzy/opt/gz_tools_vendor:/opt/ros/jazzy/opt/gz_ogre_next_vendor:/opt/ros/jazzy/opt/gz_dartsim_vendor:/opt/ros/jazzy/opt/gz_cmake_vendor:/opt/ros/jazzy DEBUGINFOD_URLS=https://debuginfod.neon.kde.org/ https://debuginfod.ubuntu.com/ /usr/bin/cmake --build /home/muneeb/RoboFlexv2.0/brainswarm_ws/build/roboflex_moveit_config -- -j8 -l8
[0.858s] DEBUG:colcon.colcon_core.event_handler.log_command:Invoked command in '/home/muneeb/RoboFlexv2.0/brainswarm_ws/build/roboflex_moveit_config' returned '0': AMENT_PREFIX_PATH=/home/muneeb/RoboFlexv2.0/brainswarm_ws/install/roboflex_description:${AMENT_PREFIX_PATH} CMAKE_PREFIX_PATH=/home/muneeb/RoboFlexv2.0/brainswarm_ws/install/roboflex_description:/opt/ros/jazzy/opt/gz_sim_vendor:/opt/ros/jazzy/opt/gz_sensors_vendor:/opt/ros/jazzy/opt/gz_physics_vendor:/opt/ros/jazzy/opt/sdformat_vendor:/opt/ros/jazzy/opt/gz_gui_vendor:/opt/ros/jazzy/opt/gz_transport_vendor:/opt/ros/jazzy/opt/gz_rendering_vendor:/opt/ros/jazzy/opt/gz_plugin_vendor:/opt/ros/jazzy/opt/gz_fuel_tools_vendor:/opt/ros/jazzy/opt/gz_msgs_vendor:/opt/ros/jazzy/opt/gz_common_vendor:/opt/ros/jazzy/opt/gz_math_vendor:/opt/ros/jazzy/opt/gz_utils_vendor:/opt/ros/jazzy/opt/gz_tools_vendor:/opt/ros/jazzy/opt/gz_ogre_next_vendor:/opt/ros/jazzy/opt/gz_dartsim_vendor:/opt/ros/jazzy/opt/gz_cmake_vendor:/opt/ros/jazzy DEBUGINFOD_URLS=https://debuginfod.neon.kde.org/ https://debuginfod.ubuntu.com/ /usr/bin/cmake --build /home/muneeb/RoboFlexv2.0/brainswarm_ws/build/roboflex_moveit_config -- -j8 -l8
[0.859s] DEBUG:colcon.colcon_core.event_handler.log_command:Invoking command in '/home/muneeb/RoboFlexv2.0/brainswarm_ws/build/roboflex_moveit_config': AMENT_PREFIX_PATH=/home/muneeb/RoboFlexv2.0/brainswarm_ws/install/roboflex_description:${AMENT_PREFIX_PATH} CMAKE_PREFIX_PATH=/home/muneeb/RoboFlexv2.0/brainswarm_ws/install/roboflex_description:/opt/ros/jazzy/opt/gz_sim_vendor:/opt/ros/jazzy/opt/gz_sensors_vendor:/opt/ros/jazzy/opt/gz_physics_vendor:/opt/ros/jazzy/opt/sdformat_vendor:/opt/ros/jazzy/opt/gz_gui_vendor:/opt/ros/jazzy/opt/gz_transport_vendor:/opt/ros/jazzy/opt/gz_rendering_vendor:/opt/ros/jazzy/opt/gz_plugin_vendor:/opt/ros/jazzy/opt/gz_fuel_tools_vendor:/opt/ros/jazzy/opt/gz_msgs_vendor:/opt/ros/jazzy/opt/gz_common_vendor:/opt/ros/jazzy/opt/gz_math_vendor:/opt/ros/jazzy/opt/gz_utils_vendor:/opt/ros/jazzy/opt/gz_tools_vendor:/opt/ros/jazzy/opt/gz_ogre_next_vendor:/opt/ros/jazzy/opt/gz_dartsim_vendor:/opt/ros/jazzy/opt/gz_cmake_vendor:/opt/ros/jazzy DEBUGINFOD_URLS=https://debuginfod.neon.kde.org/ https://debuginfod.ubuntu.com/ /usr/bin/cmake --install /home/muneeb/RoboFlexv2.0/brainswarm_ws/build/roboflex_moveit_config
[0.860s] DEBUG:colcon.colcon_core.event_handler.log_command:Invoking command in '/home/muneeb/RoboFlexv2.0/brainswarm_ws/build/roboflex_moveit_config': AMENT_PREFIX_PATH=/home/muneeb/RoboFlexv2.0/brainswarm_ws/install/roboflex_description:${AMENT_PREFIX_PATH} CMAKE_PREFIX_PATH=/home/muneeb/RoboFlexv2.0/brainswarm_ws/install/roboflex_description:/opt/ros/jazzy/opt/gz_sim_vendor:/opt/ros/jazzy/opt/gz_sensors_vendor:/opt/ros/jazzy/opt/gz_physics_vendor:/opt/ros/jazzy/opt/sdformat_vendor:/opt/ros/jazzy/opt/gz_gui_vendor:/opt/ros/jazzy/opt/gz_transport_vendor:/opt/ros/jazzy/opt/gz_rendering_vendor:/opt/ros/jazzy/opt/gz_plugin_vendor:/opt/ros/jazzy/opt/gz_fuel_tools_vendor:/opt/ros/jazzy/opt/gz_msgs_vendor:/opt/ros/jazzy/opt/gz_common_vendor:/opt/ros/jazzy/opt/gz_math_vendor:/opt/ros/jazzy/opt/gz_utils_vendor:/opt/ros/jazzy/opt/gz_tools_vendor:/opt/ros/jazzy/opt/gz_ogre_next_vendor:/opt/ros/jazzy/opt/gz_dartsim_vendor:/opt/ros/jazzy/opt/gz_cmake_vendor:/opt/ros/jazzy DEBUGINFOD_URLS=https://debuginfod.neon.kde.org/ https://debuginfod.ubuntu.com/ /usr/bin/cmake --install /home/muneeb/RoboFlexv2.0/brainswarm_ws/build/roboflex_moveit_config
[0.877s] Level 1:colcon.colcon_core.environment:create_environment_scripts_only(roboflex_moveit_config)
[0.878s] Level 1:colcon.colcon_core.environment:checking '/home/muneeb/RoboFlexv2.0/brainswarm_ws/install/roboflex_moveit_config' for CMake module files
[0.878s] Level 1:colcon.colcon_core.environment:create_environment_scripts_only(roboflex_moveit_config)
[0.879s] Level 1:colcon.colcon_core.environment:checking '/home/muneeb/RoboFlexv2.0/brainswarm_ws/install/roboflex_moveit_config' for CMake module files
[0.880s] DEBUG:colcon.colcon_core.event_handler.log_command:Invoked command in '/home/muneeb/RoboFlexv2.0/brainswarm_ws/build/roboflex_moveit_config' returned '0': AMENT_PREFIX_PATH=/home/muneeb/RoboFlexv2.0/brainswarm_ws/install/roboflex_description:${AMENT_PREFIX_PATH} CMAKE_PREFIX_PATH=/home/muneeb/RoboFlexv2.0/brainswarm_ws/install/roboflex_description:/opt/ros/jazzy/opt/gz_sim_vendor:/opt/ros/jazzy/opt/gz_sensors_vendor:/opt/ros/jazzy/opt/gz_physics_vendor:/opt/ros/jazzy/opt/sdformat_vendor:/opt/ros/jazzy/opt/gz_gui_vendor:/opt/ros/jazzy/opt/gz_transport_vendor:/opt/ros/jazzy/opt/gz_rendering_vendor:/opt/ros/jazzy/opt/gz_plugin_vendor:/opt/ros/jazzy/opt/gz_fuel_tools_vendor:/opt/ros/jazzy/opt/gz_msgs_vendor:/opt/ros/jazzy/opt/gz_common_vendor:/opt/ros/jazzy/opt/gz_math_vendor:/opt/ros/jazzy/opt/gz_utils_vendor:/opt/ros/jazzy/opt/gz_tools_vendor:/opt/ros/jazzy/opt/gz_ogre_next_vendor:/opt/ros/jazzy/opt/gz_dartsim_vendor:/opt/ros/jazzy/opt/gz_cmake_vendor:/opt/ros/jazzy DEBUGINFOD_URLS=https://debuginfod.neon.kde.org/ https://debuginfod.ubuntu.com/ /usr/bin/cmake --install /home/muneeb/RoboFlexv2.0/brainswarm_ws/build/roboflex_moveit_config
[0.880s] Level 1:colcon.colcon_core.environment:checking '/home/muneeb/RoboFlexv2.0/brainswarm_ws/install/roboflex_moveit_config' for CMake config files
[0.881s] DEBUG:colcon.colcon_core.event_handler.log_command:Invoked command in '/home/muneeb/RoboFlexv2.0/brainswarm_ws/build/roboflex_moveit_config' returned '0': AMENT_PREFIX_PATH=/home/muneeb/RoboFlexv2.0/brainswarm_ws/install/roboflex_description:${AMENT_PREFIX_PATH} CMAKE_PREFIX_PATH=/home/muneeb/RoboFlexv2.0/brainswarm_ws/install/roboflex_description:/opt/ros/jazzy/opt/gz_sim_vendor:/opt/ros/jazzy/opt/gz_sensors_vendor:/opt/ros/jazzy/opt/gz_physics_vendor:/opt/ros/jazzy/opt/sdformat_vendor:/opt/ros/jazzy/opt/gz_gui_vendor:/opt/ros/jazzy/opt/gz_transport_vendor:/opt/ros/jazzy/opt/gz_rendering_vendor:/opt/ros/jazzy/opt/gz_plugin_vendor:/opt/ros/jazzy/opt/gz_fuel_tools_vendor:/opt/ros/jazzy/opt/gz_msgs_vendor:/opt/ros/jazzy/opt/gz_common_vendor:/opt/ros/jazzy/opt/gz_math_vendor:/opt/ros/jazzy/opt/gz_utils_vendor:/opt/ros/jazzy/opt/gz_tools_vendor:/opt/ros/jazzy/opt/gz_ogre_next_vendor:/opt/ros/jazzy/opt/gz_dartsim_vendor:/opt/ros/jazzy/opt/gz_cmake_vendor:/opt/ros/jazzy DEBUGINFOD_URLS=https://debuginfod.neon.kde.org/ https://debuginfod.ubuntu.com/ /usr/bin/cmake --install /home/muneeb/RoboFlexv2.0/brainswarm_ws/build/roboflex_moveit_config
[0.881s] Level 1:colcon.colcon_core.shell:create_environment_hook('roboflex_moveit_config', 'cmake_prefix_path')
[0.881s] INFO:colcon.colcon_core.shell:Creating environment hook '/home/muneeb/RoboFlexv2.0/brainswarm_ws/install/roboflex_moveit_config/share/roboflex_moveit_config/hook/cmake_prefix_path.ps1'
[0.881s] Level 1:colcon.colcon_core.environment:checking '/home/muneeb/RoboFlexv2.0/brainswarm_ws/install/roboflex_moveit_config' for CMake config files
[0.882s] Level 1:colcon.colcon_core.shell:create_environment_hook('roboflex_moveit_config', 'cmake_prefix_path')
[0.882s] INFO:colcon.colcon_core.shell:Creating environment descriptor '/home/muneeb/RoboFlexv2.0/brainswarm_ws/install/roboflex_moveit_config/share/roboflex_moveit_config/hook/cmake_prefix_path.dsv'
[0.882s] INFO:colcon.colcon_core.shell:Creating environment hook '/home/muneeb/RoboFlexv2.0/brainswarm_ws/install/roboflex_moveit_config/share/roboflex_moveit_config/hook/cmake_prefix_path.ps1'
[0.882s] INFO:colcon.colcon_core.shell:Creating environment hook '/home/muneeb/RoboFlexv2.0/brainswarm_ws/install/roboflex_moveit_config/share/roboflex_moveit_config/hook/cmake_prefix_path.sh'
[0.883s] Level 1:colcon.colcon_core.environment:checking '/home/muneeb/RoboFlexv2.0/brainswarm_ws/install/roboflex_moveit_config/bin'
[0.883s] Level 1:colcon.colcon_core.environment:checking '/home/muneeb/RoboFlexv2.0/brainswarm_ws/install/roboflex_moveit_config/lib/pkgconfig/roboflex_moveit_config.pc'
[0.884s] Level 1:colcon.colcon_core.environment:checking '/home/muneeb/RoboFlexv2.0/brainswarm_ws/install/roboflex_moveit_config/lib/python3.12/site-packages'
[0.884s] Level 1:colcon.colcon_core.environment:checking '/home/muneeb/RoboFlexv2.0/brainswarm_ws/install/roboflex_moveit_config/bin'
[0.884s] INFO:colcon.colcon_core.shell:Creating package script '/home/muneeb/RoboFlexv2.0/brainswarm_ws/install/roboflex_moveit_config/share/roboflex_moveit_config/package.ps1'
[0.885s] INFO:colcon.colcon_core.shell:Creating package descriptor '/home/muneeb/RoboFlexv2.0/brainswarm_ws/install/roboflex_moveit_config/share/roboflex_moveit_config/package.dsv'
[0.885s] INFO:colcon.colcon_core.shell:Creating package script '/home/muneeb/RoboFlexv2.0/brainswarm_ws/install/roboflex_moveit_config/share/roboflex_moveit_config/package.sh'
[0.886s] INFO:colcon.colcon_core.shell:Creating package script '/home/muneeb/RoboFlexv2.0/brainswarm_ws/install/roboflex_moveit_config/share/roboflex_moveit_config/package.bash'
[0.887s] INFO:colcon.colcon_core.shell:Creating package script '/home/muneeb/RoboFlexv2.0/brainswarm_ws/install/roboflex_moveit_config/share/roboflex_moveit_config/package.zsh'
[0.887s] INFO:colcon.colcon_core.shell:Creating environment descriptor '/home/muneeb/RoboFlexv2.0/brainswarm_ws/install/roboflex_moveit_config/share/roboflex_moveit_config/hook/cmake_prefix_path.dsv'
[0.887s] Level 1:colcon.colcon_core.environment:create_file_with_runtime_dependencies(/home/muneeb/RoboFlexv2.0/brainswarm_ws/install/roboflex_moveit_config/share/colcon-core/packages/roboflex_moveit_config)
[0.887s] INFO:colcon.colcon_core.shell:Creating environment hook '/home/muneeb/RoboFlexv2.0/brainswarm_ws/install/roboflex_moveit_config/share/roboflex_moveit_config/hook/cmake_prefix_path.sh'
[0.888s] Level 1:colcon.colcon_core.environment:create_environment_scripts_only(roboflex_moveit_config)
[0.888s] Level 1:colcon.colcon_core.environment:checking '/home/muneeb/RoboFlexv2.0/brainswarm_ws/install/roboflex_moveit_config' for CMake module files
[0.888s] Level 1:colcon.colcon_core.environment:checking '/home/muneeb/RoboFlexv2.0/brainswarm_ws/install/roboflex_moveit_config/bin'
[0.888s] Level 1:colcon.colcon_core.environment:checking '/home/muneeb/RoboFlexv2.0/brainswarm_ws/install/roboflex_moveit_config/lib/pkgconfig/roboflex_moveit_config.pc'
[0.889s] Level 1:colcon.colcon_core.environment:checking '/home/muneeb/RoboFlexv2.0/brainswarm_ws/install/roboflex_moveit_config/lib/python3.12/site-packages'
[0.889s] Level 1:colcon.colcon_core.environment:checking '/home/muneeb/RoboFlexv2.0/brainswarm_ws/install/roboflex_moveit_config' for CMake config files
[0.889s] Level 1:colcon.colcon_core.environment:checking '/home/muneeb/RoboFlexv2.0/brainswarm_ws/install/roboflex_moveit_config/bin'
[0.889s] Level 1:colcon.colcon_core.shell:create_environment_hook('roboflex_moveit_config', 'cmake_prefix_path')
[0.890s] INFO:colcon.colcon_core.shell:Creating package script '/home/muneeb/RoboFlexv2.0/brainswarm_ws/install/roboflex_moveit_config/share/roboflex_moveit_config/package.ps1'
[0.890s] INFO:colcon.colcon_core.shell:Creating environment hook '/home/muneeb/RoboFlexv2.0/brainswarm_ws/install/roboflex_moveit_config/share/roboflex_moveit_config/hook/cmake_prefix_path.ps1'
[0.890s] INFO:colcon.colcon_core.shell:Creating environment descriptor '/home/muneeb/RoboFlexv2.0/brainswarm_ws/install/roboflex_moveit_config/share/roboflex_moveit_config/hook/cmake_prefix_path.dsv'
[0.890s] INFO:colcon.colcon_core.shell:Creating package descriptor '/home/muneeb/RoboFlexv2.0/brainswarm_ws/install/roboflex_moveit_config/share/roboflex_moveit_config/package.dsv'
[0.891s] INFO:colcon.colcon_core.shell:Creating environment hook '/home/muneeb/RoboFlexv2.0/brainswarm_ws/install/roboflex_moveit_config/share/roboflex_moveit_config/hook/cmake_prefix_path.sh'
[0.891s] INFO:colcon.colcon_core.shell:Creating package script '/home/muneeb/RoboFlexv2.0/brainswarm_ws/install/roboflex_moveit_config/share/roboflex_moveit_config/package.sh'
[0.891s] INFO:colcon.colcon_core.shell:Creating package script '/home/muneeb/RoboFlexv2.0/brainswarm_ws/install/roboflex_moveit_config/share/roboflex_moveit_config/package.bash'
[0.891s] Level 1:colcon.colcon_core.environment:checking '/home/muneeb/RoboFlexv2.0/brainswarm_ws/install/roboflex_moveit_config/bin'
[0.892s] Level 1:colcon.colcon_core.environment:checking '/home/muneeb/RoboFlexv2.0/brainswarm_ws/install/roboflex_moveit_config/lib/pkgconfig/roboflex_moveit_config.pc'
[0.892s] INFO:colcon.colcon_core.shell:Creating package script '/home/muneeb/RoboFlexv2.0/brainswarm_ws/install/roboflex_moveit_config/share/roboflex_moveit_config/package.zsh'
[0.892s] Level 1:colcon.colcon_core.environment:checking '/home/muneeb/RoboFlexv2.0/brainswarm_ws/install/roboflex_moveit_config/lib/python3.12/site-packages'
[0.892s] Level 1:colcon.colcon_core.environment:checking '/home/muneeb/RoboFlexv2.0/brainswarm_ws/install/roboflex_moveit_config/bin'
[0.892s] Level 1:colcon.colcon_core.environment:create_file_with_runtime_dependencies(/home/muneeb/RoboFlexv2.0/brainswarm_ws/install/roboflex_moveit_config/share/colcon-core/packages/roboflex_moveit_config)
[0.893s] INFO:colcon.colcon_core.shell:Creating package script '/home/muneeb/RoboFlexv2.0/brainswarm_ws/install/roboflex_moveit_config/share/roboflex_moveit_config/package.ps1'
[0.893s] Level 1:colcon.colcon_core.environment:create_environment_scripts_only(roboflex_moveit_config)
[0.894s] Level 1:colcon.colcon_core.environment:checking '/home/muneeb/RoboFlexv2.0/brainswarm_ws/install/roboflex_moveit_config' for CMake module files
[0.894s] INFO:colcon.colcon_core.shell:Creating package descriptor '/home/muneeb/RoboFlexv2.0/brainswarm_ws/install/roboflex_moveit_config/share/roboflex_moveit_config/package.dsv'
[0.895s] Level 1:colcon.colcon_core.environment:checking '/home/muneeb/RoboFlexv2.0/brainswarm_ws/install/roboflex_moveit_config' for CMake config files
[0.895s] INFO:colcon.colcon_core.shell:Creating package script '/home/muneeb/RoboFlexv2.0/brainswarm_ws/install/roboflex_moveit_config/share/roboflex_moveit_config/package.sh'
[0.895s] Level 1:colcon.colcon_core.shell:create_environment_hook('roboflex_moveit_config', 'cmake_prefix_path')
[0.895s] INFO:colcon.colcon_core.shell:Creating environment hook '/home/muneeb/RoboFlexv2.0/brainswarm_ws/install/roboflex_moveit_config/share/roboflex_moveit_config/hook/cmake_prefix_path.ps1'
[0.896s] INFO:colcon.colcon_core.shell:Creating package script '/home/muneeb/RoboFlexv2.0/brainswarm_ws/install/roboflex_moveit_config/share/roboflex_moveit_config/package.bash'
[0.896s] INFO:colcon.colcon_core.shell:Creating environment descriptor '/home/muneeb/RoboFlexv2.0/brainswarm_ws/install/roboflex_moveit_config/share/roboflex_moveit_config/hook/cmake_prefix_path.dsv'
[0.896s] INFO:colcon.colcon_core.shell:Creating package script '/home/muneeb/RoboFlexv2.0/brainswarm_ws/install/roboflex_moveit_config/share/roboflex_moveit_config/package.zsh'
[0.896s] INFO:colcon.colcon_core.shell:Creating environment hook '/home/muneeb/RoboFlexv2.0/brainswarm_ws/install/roboflex_moveit_config/share/roboflex_moveit_config/hook/cmake_prefix_path.sh'
[0.897s] Level 1:colcon.colcon_core.environment:create_file_with_runtime_dependencies(/home/muneeb/RoboFlexv2.0/brainswarm_ws/install/roboflex_moveit_config/share/colcon-core/packages/roboflex_moveit_config)
[0.897s] Level 1:colcon.colcon_core.environment:checking '/home/muneeb/RoboFlexv2.0/brainswarm_ws/install/roboflex_moveit_config/bin'
[0.898s] Level 1:colcon.colcon_core.environment:checking '/home/muneeb/RoboFlexv2.0/brainswarm_ws/install/roboflex_moveit_config/lib/pkgconfig/roboflex_moveit_config.pc'
[0.899s] Level 1:colcon.colcon_core.environment:checking '/home/muneeb/RoboFlexv2.0/brainswarm_ws/install/roboflex_moveit_config/lib/python3.12/site-packages'
[0.899s] Level 1:colcon.colcon_core.environment:checking '/home/muneeb/RoboFlexv2.0/brainswarm_ws/install/roboflex_moveit_config/bin'
[0.900s] INFO:colcon.colcon_core.shell:Creating package script '/home/muneeb/RoboFlexv2.0/brainswarm_ws/install/roboflex_moveit_config/share/roboflex_moveit_config/package.ps1'
[0.900s] INFO:colcon.colcon_core.shell:Creating package descriptor '/home/muneeb/RoboFlexv2.0/brainswarm_ws/install/roboflex_moveit_config/share/roboflex_moveit_config/package.dsv'
[0.901s] INFO:colcon.colcon_core.shell:Creating package script '/home/muneeb/RoboFlexv2.0/brainswarm_ws/install/roboflex_moveit_config/share/roboflex_moveit_config/package.sh'
[0.902s] INFO:colcon.colcon_core.shell:Creating package script '/home/muneeb/RoboFlexv2.0/brainswarm_ws/install/roboflex_moveit_config/share/roboflex_moveit_config/package.bash'
[0.903s] INFO:colcon.colcon_core.shell:Creating package script '/home/muneeb/RoboFlexv2.0/brainswarm_ws/install/roboflex_moveit_config/share/roboflex_moveit_config/package.zsh'
[0.903s] Level 1:colcon.colcon_core.environment:create_file_with_runtime_dependencies(/home/muneeb/RoboFlexv2.0/brainswarm_ws/install/roboflex_moveit_config/share/colcon-core/packages/roboflex_moveit_config)
[1.200s] DEBUG:colcon.colcon_core.event_handler.log_command:Invoked command in '/home/muneeb/RoboFlexv2.0/brainswarm_ws/build/srdfdom' returned '0': CMAKE_PREFIX_PATH=${CMAKE_PREFIX_PATH}:/opt/ros/jazzy DEBUGINFOD_URLS=https://debuginfod.neon.kde.org/ https://debuginfod.ubuntu.com/ /usr/bin/cmake --build /home/muneeb/RoboFlexv2.0/brainswarm_ws/build/srdfdom -- -j8 -l8
[1.202s] DEBUG:colcon.colcon_core.event_handler.log_command:Invoking command in '/home/muneeb/RoboFlexv2.0/brainswarm_ws/build/srdfdom': CMAKE_PREFIX_PATH=${CMAKE_PREFIX_PATH}:/opt/ros/jazzy DEBUGINFOD_URLS=https://debuginfod.neon.kde.org/ https://debuginfod.ubuntu.com/ /usr/bin/cmake --install /home/muneeb/RoboFlexv2.0/brainswarm_ws/build/srdfdom
[1.233s] DEBUG:colcon.colcon_core.event_handler.log_command:Invoked command in '/home/muneeb/RoboFlexv2.0/brainswarm_ws/build/srdfdom' returned '0': CMAKE_PREFIX_PATH=${CMAKE_PREFIX_PATH}:/opt/ros/jazzy DEBUGINFOD_URLS=https://debuginfod.neon.kde.org/ https://debuginfod.ubuntu.com/ /usr/bin/cmake --build /home/muneeb/RoboFlexv2.0/brainswarm_ws/build/srdfdom -- -j8 -l8
[1.235s] DEBUG:colcon.colcon_core.event_handler.log_command:Invoking command in '/home/muneeb/RoboFlexv2.0/brainswarm_ws/build/srdfdom': CMAKE_PREFIX_PATH=${CMAKE_PREFIX_PATH}:/opt/ros/jazzy DEBUGINFOD_URLS=https://debuginfod.neon.kde.org/ https://debuginfod.ubuntu.com/ /usr/bin/cmake --install /home/muneeb/RoboFlexv2.0/brainswarm_ws/build/srdfdom
[1.275s] DEBUG:colcon.colcon_core.event_handler.log_command:Invoked command in '/home/muneeb/RoboFlexv2.0/brainswarm_ws/build/srdfdom' returned '0': CMAKE_PREFIX_PATH=${CMAKE_PREFIX_PATH}:/opt/ros/jazzy DEBUGINFOD_URLS=https://debuginfod.neon.kde.org/ https://debuginfod.ubuntu.com/ /usr/bin/cmake --build /home/muneeb/RoboFlexv2.0/brainswarm_ws/build/srdfdom -- -j8 -l8
[1.276s] DEBUG:colcon.colcon_core.event_handler.log_command:Invoking command in '/home/muneeb/RoboFlexv2.0/brainswarm_ws/build/srdfdom': CMAKE_PREFIX_PATH=${CMAKE_PREFIX_PATH}:/opt/ros/jazzy DEBUGINFOD_URLS=https://debuginfod.neon.kde.org/ https://debuginfod.ubuntu.com/ /usr/bin/cmake --install /home/muneeb/RoboFlexv2.0/brainswarm_ws/build/srdfdom
[1.285s] Level 1:colcon.colcon_core.environment:create_environment_scripts_only(srdfdom)
[1.286s] Level 1:colcon.colcon_core.environment:checking '/home/muneeb/RoboFlexv2.0/brainswarm_ws/install/srdfdom' for CMake module files
[1.287s] DEBUG:colcon.colcon_core.event_handler.log_command:Invoked command in '/home/muneeb/RoboFlexv2.0/brainswarm_ws/build/srdfdom' returned '0': CMAKE_PREFIX_PATH=${CMAKE_PREFIX_PATH}:/opt/ros/jazzy DEBUGINFOD_URLS=https://debuginfod.neon.kde.org/ https://debuginfod.ubuntu.com/ /usr/bin/cmake --install /home/muneeb/RoboFlexv2.0/brainswarm_ws/build/srdfdom
[1.287s] Level 1:colcon.colcon_core.environment:checking '/home/muneeb/RoboFlexv2.0/brainswarm_ws/install/srdfdom' for CMake config files
[1.288s] Level 1:colcon.colcon_core.shell:create_environment_hook('srdfdom', 'cmake_prefix_path')
[1.288s] INFO:colcon.colcon_core.shell:Creating environment hook '/home/muneeb/RoboFlexv2.0/brainswarm_ws/install/srdfdom/share/srdfdom/hook/cmake_prefix_path.ps1'
[1.289s] INFO:colcon.colcon_core.shell:Creating environment descriptor '/home/muneeb/RoboFlexv2.0/brainswarm_ws/install/srdfdom/share/srdfdom/hook/cmake_prefix_path.dsv'
[1.290s] INFO:colcon.colcon_core.shell:Creating environment hook '/home/muneeb/RoboFlexv2.0/brainswarm_ws/install/srdfdom/share/srdfdom/hook/cmake_prefix_path.sh'
[1.291s] Level 1:colcon.colcon_core.environment:checking '/home/muneeb/RoboFlexv2.0/brainswarm_ws/install/srdfdom/lib'
[1.291s] Level 1:colcon.colcon_core.shell:create_environment_hook('srdfdom', 'ld_library_path_lib')
[1.291s] INFO:colcon.colcon_core.shell:Creating environment hook '/home/muneeb/RoboFlexv2.0/brainswarm_ws/install/srdfdom/share/srdfdom/hook/ld_library_path_lib.ps1'
[1.292s] INFO:colcon.colcon_core.shell:Creating environment descriptor '/home/muneeb/RoboFlexv2.0/brainswarm_ws/install/srdfdom/share/srdfdom/hook/ld_library_path_lib.dsv'
[1.292s] INFO:colcon.colcon_core.shell:Creating environment hook '/home/muneeb/RoboFlexv2.0/brainswarm_ws/install/srdfdom/share/srdfdom/hook/ld_library_path_lib.sh'
[1.293s] Level 1:colcon.colcon_core.environment:checking '/home/muneeb/RoboFlexv2.0/brainswarm_ws/install/srdfdom/bin'
[1.293s] Level 1:colcon.colcon_core.environment:checking '/home/muneeb/RoboFlexv2.0/brainswarm_ws/install/srdfdom/lib/pkgconfig/srdfdom.pc'
[1.293s] Level 1:colcon.colcon_core.environment:checking '/home/muneeb/RoboFlexv2.0/brainswarm_ws/install/srdfdom/lib/python3.12/site-packages'
[1.293s] Level 1:colcon.colcon_core.shell:create_environment_hook('srdfdom', 'pythonpath')
[1.294s] INFO:colcon.colcon_core.shell:Creating environment hook '/home/muneeb/RoboFlexv2.0/brainswarm_ws/install/srdfdom/share/srdfdom/hook/pythonpath.ps1'
[1.294s] INFO:colcon.colcon_core.shell:Creating environment descriptor '/home/muneeb/RoboFlexv2.0/brainswarm_ws/install/srdfdom/share/srdfdom/hook/pythonpath.dsv'
[1.295s] INFO:colcon.colcon_core.shell:Creating environment hook '/home/muneeb/RoboFlexv2.0/brainswarm_ws/install/srdfdom/share/srdfdom/hook/pythonpath.sh'
[1.296s] Level 1:colcon.colcon_core.environment:checking '/home/muneeb/RoboFlexv2.0/brainswarm_ws/install/srdfdom/bin'
[1.296s] INFO:colcon.colcon_core.shell:Creating package script '/home/muneeb/RoboFlexv2.0/brainswarm_ws/install/srdfdom/share/srdfdom/package.ps1'
[1.297s] INFO:colcon.colcon_core.shell:Creating package descriptor '/home/muneeb/RoboFlexv2.0/brainswarm_ws/install/srdfdom/share/srdfdom/package.dsv'
[1.298s] INFO:colcon.colcon_core.shell:Creating package script '/home/muneeb/RoboFlexv2.0/brainswarm_ws/install/srdfdom/share/srdfdom/package.sh'
[1.299s] INFO:colcon.colcon_core.shell:Creating package script '/home/muneeb/RoboFlexv2.0/brainswarm_ws/install/srdfdom/share/srdfdom/package.bash'
[1.299s] INFO:colcon.colcon_core.shell:Creating package script '/home/muneeb/RoboFlexv2.0/brainswarm_ws/install/srdfdom/share/srdfdom/package.zsh'
[1.299s] Level 1:colcon.colcon_core.environment:create_environment_scripts_only(srdfdom)
[1.300s] Level 1:colcon.colcon_core.environment:create_file_with_runtime_dependencies(/home/muneeb/RoboFlexv2.0/brainswarm_ws/install/srdfdom/share/colcon-core/packages/srdfdom)
[1.300s] Level 1:colcon.colcon_core.environment:checking '/home/muneeb/RoboFlexv2.0/brainswarm_ws/install/srdfdom' for CMake module files
[1.301s] Level 1:colcon.colcon_core.environment:create_environment_scripts_only(srdfdom)
[1.301s] DEBUG:colcon.colcon_core.event_handler.log_command:Invoked command in '/home/muneeb/RoboFlexv2.0/brainswarm_ws/build/srdfdom' returned '0': CMAKE_PREFIX_PATH=${CMAKE_PREFIX_PATH}:/opt/ros/jazzy DEBUGINFOD_URLS=https://debuginfod.neon.kde.org/ https://debuginfod.ubuntu.com/ /usr/bin/cmake --install /home/muneeb/RoboFlexv2.0/brainswarm_ws/build/srdfdom
[1.301s] Level 1:colcon.colcon_core.environment:checking '/home/muneeb/RoboFlexv2.0/brainswarm_ws/install/srdfdom' for CMake module files
[1.301s] Level 1:colcon.colcon_core.environment:checking '/home/muneeb/RoboFlexv2.0/brainswarm_ws/install/srdfdom' for CMake config files
[1.301s] Level 1:colcon.colcon_core.shell:create_environment_hook('srdfdom', 'cmake_prefix_path')
[1.301s] Level 1:colcon.colcon_core.environment:checking '/home/muneeb/RoboFlexv2.0/brainswarm_ws/install/srdfdom' for CMake config files
[1.301s] INFO:colcon.colcon_core.shell:Creating environment hook '/home/muneeb/RoboFlexv2.0/brainswarm_ws/install/srdfdom/share/srdfdom/hook/cmake_prefix_path.ps1'
[1.302s] Level 1:colcon.colcon_core.shell:create_environment_hook('srdfdom', 'cmake_prefix_path')
[1.302s] INFO:colcon.colcon_core.shell:Creating environment hook '/home/muneeb/RoboFlexv2.0/brainswarm_ws/install/srdfdom/share/srdfdom/hook/cmake_prefix_path.ps1'
[1.302s] INFO:colcon.colcon_core.shell:Creating environment descriptor '/home/muneeb/RoboFlexv2.0/brainswarm_ws/install/srdfdom/share/srdfdom/hook/cmake_prefix_path.dsv'
[1.302s] INFO:colcon.colcon_core.shell:Creating environment hook '/home/muneeb/RoboFlexv2.0/brainswarm_ws/install/srdfdom/share/srdfdom/hook/cmake_prefix_path.sh'
[1.302s] INFO:colcon.colcon_core.shell:Creating environment descriptor '/home/muneeb/RoboFlexv2.0/brainswarm_ws/install/srdfdom/share/srdfdom/hook/cmake_prefix_path.dsv'
[1.303s] INFO:colcon.colcon_core.shell:Creating environment hook '/home/muneeb/RoboFlexv2.0/brainswarm_ws/install/srdfdom/share/srdfdom/hook/cmake_prefix_path.sh'
[1.303s] Level 1:colcon.colcon_core.environment:checking '/home/muneeb/RoboFlexv2.0/brainswarm_ws/install/srdfdom/lib'
[1.303s] Level 1:colcon.colcon_core.shell:create_environment_hook('srdfdom', 'ld_library_path_lib')
[1.303s] INFO:colcon.colcon_core.shell:Creating environment hook '/home/muneeb/RoboFlexv2.0/brainswarm_ws/install/srdfdom/share/srdfdom/hook/ld_library_path_lib.ps1'
[1.307s] INFO:colcon.colcon_core.shell:Creating environment descriptor '/home/muneeb/RoboFlexv2.0/brainswarm_ws/install/srdfdom/share/srdfdom/hook/ld_library_path_lib.dsv'
[1.307s] Level 1:colcon.colcon_core.environment:checking '/home/muneeb/RoboFlexv2.0/brainswarm_ws/install/srdfdom/lib'
[1.307s] INFO:colcon.colcon_core.shell:Creating environment hook '/home/muneeb/RoboFlexv2.0/brainswarm_ws/install/srdfdom/share/srdfdom/hook/ld_library_path_lib.sh'
[1.307s] Level 1:colcon.colcon_core.shell:create_environment_hook('srdfdom', 'ld_library_path_lib')
[1.308s] INFO:colcon.colcon_core.shell:Creating environment hook '/home/muneeb/RoboFlexv2.0/brainswarm_ws/install/srdfdom/share/srdfdom/hook/ld_library_path_lib.ps1'
[1.308s] Level 1:colcon.colcon_core.environment:checking '/home/muneeb/RoboFlexv2.0/brainswarm_ws/install/srdfdom/bin'
[1.308s] Level 1:colcon.colcon_core.environment:checking '/home/muneeb/RoboFlexv2.0/brainswarm_ws/install/srdfdom/lib/pkgconfig/srdfdom.pc'
[1.308s] INFO:colcon.colcon_core.shell:Creating environment descriptor '/home/muneeb/RoboFlexv2.0/brainswarm_ws/install/srdfdom/share/srdfdom/hook/ld_library_path_lib.dsv'
[1.308s] Level 1:colcon.colcon_core.environment:checking '/home/muneeb/RoboFlexv2.0/brainswarm_ws/install/srdfdom/lib/python3.12/site-packages'
[1.308s] Level 1:colcon.colcon_core.shell:create_environment_hook('srdfdom', 'pythonpath')
[1.308s] INFO:colcon.colcon_core.shell:Creating environment hook '/home/muneeb/RoboFlexv2.0/brainswarm_ws/install/srdfdom/share/srdfdom/hook/pythonpath.ps1'
[1.309s] INFO:colcon.colcon_core.shell:Creating environment descriptor '/home/muneeb/RoboFlexv2.0/brainswarm_ws/install/srdfdom/share/srdfdom/hook/pythonpath.dsv'
[1.309s] INFO:colcon.colcon_core.shell:Creating environment hook '/home/muneeb/RoboFlexv2.0/brainswarm_ws/install/srdfdom/share/srdfdom/hook/pythonpath.sh'
[1.310s] Level 1:colcon.colcon_core.environment:checking '/home/muneeb/RoboFlexv2.0/brainswarm_ws/install/srdfdom/bin'
[1.310s] INFO:colcon.colcon_core.shell:Creating package script '/home/muneeb/RoboFlexv2.0/brainswarm_ws/install/srdfdom/share/srdfdom/package.ps1'
[1.319s] INFO:colcon.colcon_core.shell:Creating environment hook '/home/muneeb/RoboFlexv2.0/brainswarm_ws/install/srdfdom/share/srdfdom/hook/ld_library_path_lib.sh'
[1.319s] INFO:colcon.colcon_core.shell:Creating package descriptor '/home/muneeb/RoboFlexv2.0/brainswarm_ws/install/srdfdom/share/srdfdom/package.dsv'
[1.320s] Level 1:colcon.colcon_core.environment:checking '/home/muneeb/RoboFlexv2.0/brainswarm_ws/install/srdfdom/bin'
[1.320s] Level 1:colcon.colcon_core.environment:checking '/home/muneeb/RoboFlexv2.0/brainswarm_ws/install/srdfdom/lib/pkgconfig/srdfdom.pc'
[1.320s] INFO:colcon.colcon_core.shell:Creating package script '/home/muneeb/RoboFlexv2.0/brainswarm_ws/install/srdfdom/share/srdfdom/package.sh'
[1.320s] Level 1:colcon.colcon_core.environment:checking '/home/muneeb/RoboFlexv2.0/brainswarm_ws/install/srdfdom/lib/python3.12/site-packages'
[1.320s] Level 1:colcon.colcon_core.shell:create_environment_hook('srdfdom', 'pythonpath')
[1.320s] INFO:colcon.colcon_core.shell:Creating environment hook '/home/muneeb/RoboFlexv2.0/brainswarm_ws/install/srdfdom/share/srdfdom/hook/pythonpath.ps1'
[1.320s] INFO:colcon.colcon_core.shell:Creating package script '/home/muneeb/RoboFlexv2.0/brainswarm_ws/install/srdfdom/share/srdfdom/package.bash'
[1.321s] INFO:colcon.colcon_core.shell:Creating environment descriptor '/home/muneeb/RoboFlexv2.0/brainswarm_ws/install/srdfdom/share/srdfdom/hook/pythonpath.dsv'
[1.321s] INFO:colcon.colcon_core.shell:Creating package script '/home/muneeb/RoboFlexv2.0/brainswarm_ws/install/srdfdom/share/srdfdom/package.zsh'
[1.321s] INFO:colcon.colcon_core.shell:Creating environment hook '/home/muneeb/RoboFlexv2.0/brainswarm_ws/install/srdfdom/share/srdfdom/hook/pythonpath.sh'
[1.321s] Level 1:colcon.colcon_core.environment:create_file_with_runtime_dependencies(/home/muneeb/RoboFlexv2.0/brainswarm_ws/install/srdfdom/share/colcon-core/packages/srdfdom)
[1.322s] Level 1:colcon.colcon_core.environment:checking '/home/muneeb/RoboFlexv2.0/brainswarm_ws/install/srdfdom/bin'
[1.322s] Level 1:colcon.colcon_core.environment:create_environment_scripts_only(srdfdom)
[1.322s] INFO:colcon.colcon_core.shell:Creating package script '/home/muneeb/RoboFlexv2.0/brainswarm_ws/install/srdfdom/share/srdfdom/package.ps1'
[1.322s] Level 1:colcon.colcon_core.environment:checking '/home/muneeb/RoboFlexv2.0/brainswarm_ws/install/srdfdom' for CMake module files
[1.322s] INFO:colcon.colcon_core.shell:Creating package descriptor '/home/muneeb/RoboFlexv2.0/brainswarm_ws/install/srdfdom/share/srdfdom/package.dsv'
[1.322s] Level 1:colcon.colcon_core.environment:checking '/home/muneeb/RoboFlexv2.0/brainswarm_ws/install/srdfdom' for CMake config files
[1.323s] Level 1:colcon.colcon_core.shell:create_environment_hook('srdfdom', 'cmake_prefix_path')
[1.323s] INFO:colcon.colcon_core.shell:Creating environment hook '/home/muneeb/RoboFlexv2.0/brainswarm_ws/install/srdfdom/share/srdfdom/hook/cmake_prefix_path.ps1'
[1.323s] INFO:colcon.colcon_core.shell:Creating package script '/home/muneeb/RoboFlexv2.0/brainswarm_ws/install/srdfdom/share/srdfdom/package.sh'
[1.323s] INFO:colcon.colcon_core.shell:Creating environment descriptor '/home/muneeb/RoboFlexv2.0/brainswarm_ws/install/srdfdom/share/srdfdom/hook/cmake_prefix_path.dsv'
[1.323s] INFO:colcon.colcon_core.shell:Creating package script '/home/muneeb/RoboFlexv2.0/brainswarm_ws/install/srdfdom/share/srdfdom/package.bash'
[1.323s] INFO:colcon.colcon_core.shell:Creating environment hook '/home/muneeb/RoboFlexv2.0/brainswarm_ws/install/srdfdom/share/srdfdom/hook/cmake_prefix_path.sh'
[1.324s] INFO:colcon.colcon_core.shell:Creating package script '/home/muneeb/RoboFlexv2.0/brainswarm_ws/install/srdfdom/share/srdfdom/package.zsh'
[1.324s] Level 1:colcon.colcon_core.environment:checking '/home/muneeb/RoboFlexv2.0/brainswarm_ws/install/srdfdom/lib'
[1.324s] Level 1:colcon.colcon_core.environment:create_file_with_runtime_dependencies(/home/muneeb/RoboFlexv2.0/brainswarm_ws/install/srdfdom/share/colcon-core/packages/srdfdom)
[1.324s] Level 1:colcon.colcon_core.shell:create_environment_hook('srdfdom', 'ld_library_path_lib')
[1.324s] INFO:colcon.colcon_core.shell:Creating environment hook '/home/muneeb/RoboFlexv2.0/brainswarm_ws/install/srdfdom/share/srdfdom/hook/ld_library_path_lib.ps1'
[1.324s] DEBUG:colcon.colcon_parallel_executor.executor.parallel:closing loop
[1.325s] DEBUG:colcon.colcon_parallel_executor.executor.parallel:loop closed
[1.325s] DEBUG:colcon.colcon_parallel_executor.executor.parallel:run_until_complete finished with '0'
[1.325s] DEBUG:colcon.colcon_core.event_reactor:joining thread
[1.325s] INFO:colcon.colcon_core.shell:Creating environment descriptor '/home/muneeb/RoboFlexv2.0/brainswarm_ws/install/srdfdom/share/srdfdom/hook/ld_library_path_lib.dsv'
[1.325s] INFO:colcon.colcon_core.shell:Creating environment hook '/home/muneeb/RoboFlexv2.0/brainswarm_ws/install/srdfdom/share/srdfdom/hook/ld_library_path_lib.sh'
[1.326s] Level 1:colcon.colcon_core.environment:checking '/home/muneeb/RoboFlexv2.0/brainswarm_ws/install/srdfdom/bin'
[1.326s] Level 1:colcon.colcon_core.environment:checking '/home/muneeb/RoboFlexv2.0/brainswarm_ws/install/srdfdom/lib/pkgconfig/srdfdom.pc'
[1.326s] Level 1:colcon.colcon_core.environment:checking '/home/muneeb/RoboFlexv2.0/brainswarm_ws/install/srdfdom/lib/python3.12/site-packages'
[1.326s] Level 1:colcon.colcon_core.shell:create_environment_hook('srdfdom', 'pythonpath')
[1.326s] INFO:colcon.colcon_core.shell:Creating environment hook '/home/muneeb/RoboFlexv2.0/brainswarm_ws/install/srdfdom/share/srdfdom/hook/pythonpath.ps1'
[1.327s] INFO:colcon.colcon_core.shell:Creating environment descriptor '/home/muneeb/RoboFlexv2.0/brainswarm_ws/install/srdfdom/share/srdfdom/hook/pythonpath.dsv'
[1.327s] INFO:colcon.colcon_core.shell:Creating environment hook '/home/muneeb/RoboFlexv2.0/brainswarm_ws/install/srdfdom/share/srdfdom/hook/pythonpath.sh'
[1.328s] Level 1:colcon.colcon_core.environment:checking '/home/muneeb/RoboFlexv2.0/brainswarm_ws/install/srdfdom/bin'
[1.328s] INFO:colcon.colcon_core.shell:Creating package script '/home/muneeb/RoboFlexv2.0/brainswarm_ws/install/srdfdom/share/srdfdom/package.ps1'
[1.329s] INFO:colcon.colcon_core.shell:Creating package descriptor '/home/muneeb/RoboFlexv2.0/brainswarm_ws/install/srdfdom/share/srdfdom/package.dsv'
[1.330s] INFO:colcon.colcon_core.shell:Creating package script '/home/muneeb/RoboFlexv2.0/brainswarm_ws/install/srdfdom/share/srdfdom/package.sh'
[1.330s] INFO:colcon.colcon_core.shell:Creating package script '/home/muneeb/RoboFlexv2.0/brainswarm_ws/install/srdfdom/share/srdfdom/package.bash'
[1.331s] INFO:colcon.colcon_core.shell:Creating package script '/home/muneeb/RoboFlexv2.0/brainswarm_ws/install/srdfdom/share/srdfdom/package.zsh'
[1.331s] INFO:colcon.colcon_core.plugin_system:Skipping extension 'colcon_notification.desktop_notification.notify_send': Could not find 'notify-send'
[1.331s] INFO:colcon.colcon_core.plugin_system:Skipping extension 'colcon_notification.desktop_notification.terminal_notifier': Not used on non-Darwin systems
[1.331s] INFO:colcon.colcon_core.plugin_system:Skipping extension 'colcon_notification.desktop_notification.win32': Not used on non-Windows systems
[1.331s] Level 1:colcon.colcon_core.environment:create_file_with_runtime_dependencies(/home/muneeb/RoboFlexv2.0/brainswarm_ws/install/srdfdom/share/colcon-core/packages/srdfdom)
[1.331s] INFO:colcon.colcon_notification.desktop_notification:Sending desktop notification using 'notify2'
[1.332s] DEBUG:colcon.colcon_parallel_executor.executor.parallel:closing loop
[1.332s] DEBUG:colcon.colcon_parallel_executor.executor.parallel:loop closed
[1.332s] DEBUG:colcon.colcon_parallel_executor.executor.parallel:run_until_complete finished with '0'
[1.332s] DEBUG:colcon.colcon_core.event_reactor:joining thread
[1.337s] Level 1:colcon.colcon_core.environment:create_environment_scripts_only(srdfdom)
[1.338s] Level 1:colcon.colcon_core.environment:checking '/home/muneeb/RoboFlexv2.0/brainswarm_ws/install/srdfdom' for CMake module files
[1.339s] DEBUG:colcon.colcon_core.event_handler.log_command:Invoked command in '/home/muneeb/RoboFlexv2.0/brainswarm_ws/build/srdfdom' returned '0': CMAKE_PREFIX_PATH=${CMAKE_PREFIX_PATH}:/opt/ros/jazzy DEBUGINFOD_URLS=https://debuginfod.neon.kde.org/ https://debuginfod.ubuntu.com/ /usr/bin/cmake --install /home/muneeb/RoboFlexv2.0/brainswarm_ws/build/srdfdom
[1.339s] Level 1:colcon.colcon_core.environment:checking '/home/muneeb/RoboFlexv2.0/brainswarm_ws/install/srdfdom' for CMake config files
[1.339s] Level 1:colcon.colcon_core.shell:create_environment_hook('srdfdom', 'cmake_prefix_path')
[1.340s] INFO:colcon.colcon_core.shell:Creating environment hook '/home/muneeb/RoboFlexv2.0/brainswarm_ws/install/srdfdom/share/srdfdom/hook/cmake_prefix_path.ps1'
[1.340s] INFO:colcon.colcon_core.shell:Creating environment descriptor '/home/muneeb/RoboFlexv2.0/brainswarm_ws/install/srdfdom/share/srdfdom/hook/cmake_prefix_path.dsv'
[1.341s] INFO:colcon.colcon_core.shell:Creating environment hook '/home/muneeb/RoboFlexv2.0/brainswarm_ws/install/srdfdom/share/srdfdom/hook/cmake_prefix_path.sh'
[1.341s] INFO:colcon.colcon_core.plugin_system:Skipping extension 'colcon_notification.desktop_notification.notify_send': Could not find 'notify-send'
[1.341s] INFO:colcon.colcon_core.plugin_system:Skipping extension 'colcon_notification.desktop_notification.terminal_notifier': Not used on non-Darwin systems
[1.341s] INFO:colcon.colcon_core.plugin_system:Skipping extension 'colcon_notification.desktop_notification.win32': Not used on non-Windows systems
[1.341s] INFO:colcon.colcon_notification.desktop_notification:Sending desktop notification using 'notify2'
[1.341s] Level 1:colcon.colcon_core.environment:checking '/home/muneeb/RoboFlexv2.0/brainswarm_ws/install/srdfdom/lib'
[1.341s] Level 1:colcon.colcon_core.shell:create_environment_hook('srdfdom', 'ld_library_path_lib')
[1.342s] INFO:colcon.colcon_core.shell:Creating environment hook '/home/muneeb/RoboFlexv2.0/brainswarm_ws/install/srdfdom/share/srdfdom/hook/ld_library_path_lib.ps1'
[1.342s] INFO:colcon.colcon_core.shell:Creating environment descriptor '/home/muneeb/RoboFlexv2.0/brainswarm_ws/install/srdfdom/share/srdfdom/hook/ld_library_path_lib.dsv'
[1.343s] INFO:colcon.colcon_core.shell:Creating environment hook '/home/muneeb/RoboFlexv2.0/brainswarm_ws/install/srdfdom/share/srdfdom/hook/ld_library_path_lib.sh'
[1.343s] Level 1:colcon.colcon_core.environment:checking '/home/muneeb/RoboFlexv2.0/brainswarm_ws/install/srdfdom/bin'
[1.343s] Level 1:colcon.colcon_core.environment:checking '/home/muneeb/RoboFlexv2.0/brainswarm_ws/install/srdfdom/lib/pkgconfig/srdfdom.pc'
[1.343s] Level 1:colcon.colcon_core.environment:checking '/home/muneeb/RoboFlexv2.0/brainswarm_ws/install/srdfdom/lib/python3.12/site-packages'
[1.344s] Level 1:colcon.colcon_core.shell:create_environment_hook('srdfdom', 'pythonpath')
[1.344s] INFO:colcon.colcon_core.shell:Creating environment hook '/home/muneeb/RoboFlexv2.0/brainswarm_ws/install/srdfdom/share/srdfdom/hook/pythonpath.ps1'
[1.344s] INFO:colcon.colcon_core.shell:Creating environment descriptor '/home/muneeb/RoboFlexv2.0/brainswarm_ws/install/srdfdom/share/srdfdom/hook/pythonpath.dsv'
[1.345s] INFO:colcon.colcon_core.shell:Creating environment hook '/home/muneeb/RoboFlexv2.0/brainswarm_ws/install/srdfdom/share/srdfdom/hook/pythonpath.sh'
[1.346s] Level 1:colcon.colcon_core.environment:checking '/home/muneeb/RoboFlexv2.0/brainswarm_ws/install/srdfdom/bin'
[1.346s] INFO:colcon.colcon_core.shell:Creating package script '/home/muneeb/RoboFlexv2.0/brainswarm_ws/install/srdfdom/share/srdfdom/package.ps1'
[1.347s] INFO:colcon.colcon_core.shell:Creating package descriptor '/home/muneeb/RoboFlexv2.0/brainswarm_ws/install/srdfdom/share/srdfdom/package.dsv'
[1.347s] INFO:colcon.colcon_core.shell:Creating package script '/home/muneeb/RoboFlexv2.0/brainswarm_ws/install/srdfdom/share/srdfdom/package.sh'
[1.348s] INFO:colcon.colcon_core.shell:Creating package script '/home/muneeb/RoboFlexv2.0/brainswarm_ws/install/srdfdom/share/srdfdom/package.bash'
[1.348s] INFO:colcon.colcon_core.shell:Creating package script '/home/muneeb/RoboFlexv2.0/brainswarm_ws/install/srdfdom/share/srdfdom/package.zsh'
[1.348s] Level 1:colcon.colcon_core.environment:create_file_with_runtime_dependencies(/home/muneeb/RoboFlexv2.0/brainswarm_ws/install/srdfdom/share/colcon-core/packages/srdfdom)
[1.349s] Level 1:colcon.colcon_core.environment:create_environment_scripts_only(srdfdom)
[1.349s] Level 1:colcon.colcon_core.environment:checking '/home/muneeb/RoboFlexv2.0/brainswarm_ws/install/srdfdom' for CMake module files
[1.350s] Level 1:colcon.colcon_core.environment:checking '/home/muneeb/RoboFlexv2.0/brainswarm_ws/install/srdfdom' for CMake config files
[1.350s] Level 1:colcon.colcon_core.shell:create_environment_hook('srdfdom', 'cmake_prefix_path')
[1.350s] INFO:colcon.colcon_core.shell:Creating environment hook '/home/muneeb/RoboFlexv2.0/brainswarm_ws/install/srdfdom/share/srdfdom/hook/cmake_prefix_path.ps1'
[1.351s] INFO:colcon.colcon_core.shell:Creating environment descriptor '/home/muneeb/RoboFlexv2.0/brainswarm_ws/install/srdfdom/share/srdfdom/hook/cmake_prefix_path.dsv'
[1.351s] INFO:colcon.colcon_core.shell:Creating environment hook '/home/muneeb/RoboFlexv2.0/brainswarm_ws/install/srdfdom/share/srdfdom/hook/cmake_prefix_path.sh'
[1.352s] Level 1:colcon.colcon_core.environment:checking '/home/muneeb/RoboFlexv2.0/brainswarm_ws/install/srdfdom/lib'
[1.352s] Level 1:colcon.colcon_core.shell:create_environment_hook('srdfdom', 'ld_library_path_lib')
[1.353s] INFO:colcon.colcon_core.shell:Creating environment hook '/home/muneeb/RoboFlexv2.0/brainswarm_ws/install/srdfdom/share/srdfdom/hook/ld_library_path_lib.ps1'
[1.353s] INFO:colcon.colcon_core.shell:Creating environment descriptor '/home/muneeb/RoboFlexv2.0/brainswarm_ws/install/srdfdom/share/srdfdom/hook/ld_library_path_lib.dsv'
[1.354s] INFO:colcon.colcon_core.shell:Creating environment hook '/home/muneeb/RoboFlexv2.0/brainswarm_ws/install/srdfdom/share/srdfdom/hook/ld_library_path_lib.sh'
[1.355s] Level 1:colcon.colcon_core.environment:checking '/home/muneeb/RoboFlexv2.0/brainswarm_ws/install/srdfdom/bin'
[1.355s] Level 1:colcon.colcon_core.environment:checking '/home/muneeb/RoboFlexv2.0/brainswarm_ws/install/srdfdom/lib/pkgconfig/srdfdom.pc'
[1.355s] Level 1:colcon.colcon_core.environment:checking '/home/muneeb/RoboFlexv2.0/brainswarm_ws/install/srdfdom/lib/python3.12/site-packages'
[1.355s] Level 1:colcon.colcon_core.shell:create_environment_hook('srdfdom', 'pythonpath')
[1.355s] DEBUG:colcon.colcon_core.event_reactor:joined thread
[1.356s] INFO:colcon.colcon_core.shell:Creating environment hook '/home/muneeb/RoboFlexv2.0/brainswarm_ws/install/srdfdom/share/srdfdom/hook/pythonpath.ps1'
[1.356s] INFO:colcon.colcon_core.shell:Creating prefix script '/home/muneeb/RoboFlexv2.0/brainswarm_ws/install/local_setup.ps1'
[1.356s] INFO:colcon.colcon_core.shell:Creating environment descriptor '/home/muneeb/RoboFlexv2.0/brainswarm_ws/install/srdfdom/share/srdfdom/hook/pythonpath.dsv'
[1.357s] INFO:colcon.colcon_core.shell:Creating environment hook '/home/muneeb/RoboFlexv2.0/brainswarm_ws/install/srdfdom/share/srdfdom/hook/pythonpath.sh'
[1.357s] INFO:colcon.colcon_core.shell:Creating prefix util module '/home/muneeb/RoboFlexv2.0/brainswarm_ws/install/_local_setup_util_ps1.py'
[1.358s] Level 1:colcon.colcon_core.environment:checking '/home/muneeb/RoboFlexv2.0/brainswarm_ws/install/srdfdom/bin'
[1.358s] INFO:colcon.colcon_core.shell:Creating prefix chain script '/home/muneeb/RoboFlexv2.0/brainswarm_ws/install/setup.ps1'
[1.358s] ERROR:colcon.colcon_notification.desktop_notification:Exception in desktop notification extension 'notify2': org.freedesktop.Notifications.Error.ExcessNotificationGeneration: Created too many similar notifications in quick succession
Traceback (most recent call last):
  File "/usr/lib/python3/dist-packages/colcon_notification/desktop_notification/__init__.py", line 106, in notify
    retval = extension.notify(
             ^^^^^^^^^^^^^^^^^
  File "/usr/lib/python3/dist-packages/colcon_notification/desktop_notification/notify2.py", line 51, in notify
    self._last_notification.show()
  File "/usr/lib/python3/dist-packages/notify2.py", line 181, in show
    nid = dbus_iface.Notify(appname,       # app_name       (spec names)
          ^^^^^^^^^^^^^^^^^^^^^^^^^^^^^^^^^^^^^^^^^^^^^^^^^^^^^^^^^^^^^^
  File "/usr/lib/python3/dist-packages/dbus/proxies.py", line 72, in __call__
    return self._proxy_method(*args, **keywords)
           ^^^^^^^^^^^^^^^^^^^^^^^^^^^^^^^^^^^^^
  File "/usr/lib/python3/dist-packages/dbus/proxies.py", line 141, in __call__
    return self._connection.call_blocking(self._named_service,
           ^^^^^^^^^^^^^^^^^^^^^^^^^^^^^^^^^^^^^^^^^^^^^^^^^^^
  File "/usr/lib/python3/dist-packages/dbus/connection.py", line 634, in call_blocking
    reply_message = self.send_message_with_reply_and_block(
                    ^^^^^^^^^^^^^^^^^^^^^^^^^^^^^^^^^^^^^^^
dbus.exceptions.DBusException: org.freedesktop.Notifications.Error.ExcessNotificationGeneration: Created too many similar notifications in quick succession

[1.359s] INFO:colcon.colcon_core.shell:Creating package script '/home/muneeb/RoboFlexv2.0/brainswarm_ws/install/srdfdom/share/srdfdom/package.ps1'
[1.359s] DEBUG:colcon.colcon_core.event_reactor:joined thread
[1.359s] INFO:colcon.colcon_core.shell:Creating prefix script '/home/muneeb/RoboFlexv2.0/brainswarm_ws/install/local_setup.ps1'
[1.359s] INFO:colcon.colcon_core.shell:Creating package descriptor '/home/muneeb/RoboFlexv2.0/brainswarm_ws/install/srdfdom/share/srdfdom/package.dsv'
[1.359s] INFO:colcon.colcon_core.shell:Creating prefix script '/home/muneeb/RoboFlexv2.0/brainswarm_ws/install/local_setup.sh'
[1.360s] INFO:colcon.colcon_core.shell:Creating prefix util module '/home/muneeb/RoboFlexv2.0/brainswarm_ws/install/_local_setup_util_ps1.py'
[1.360s] INFO:colcon.colcon_core.shell:Creating prefix util module '/home/muneeb/RoboFlexv2.0/brainswarm_ws/install/_local_setup_util_sh.py'
[1.360s] INFO:colcon.colcon_core.shell:Creating package script '/home/muneeb/RoboFlexv2.0/brainswarm_ws/install/srdfdom/share/srdfdom/package.sh'
[1.360s] INFO:colcon.colcon_core.shell:Creating prefix chain script '/home/muneeb/RoboFlexv2.0/brainswarm_ws/install/setup.sh'
[1.361s] INFO:colcon.colcon_core.shell:Creating package script '/home/muneeb/RoboFlexv2.0/brainswarm_ws/install/srdfdom/share/srdfdom/package.bash'
[1.361s] INFO:colcon.colcon_core.shell:Creating package script '/home/muneeb/RoboFlexv2.0/brainswarm_ws/install/srdfdom/share/srdfdom/package.zsh'
[1.361s] INFO:colcon.colcon_core.shell:Creating prefix chain script '/home/muneeb/RoboFlexv2.0/brainswarm_ws/install/setup.ps1'
[1.361s] INFO:colcon.colcon_core.shell:Creating prefix script '/home/muneeb/RoboFlexv2.0/brainswarm_ws/install/local_setup.bash'
[1.362s] Level 1:colcon.colcon_core.environment:create_file_with_runtime_dependencies(/home/muneeb/RoboFlexv2.0/brainswarm_ws/install/srdfdom/share/colcon-core/packages/srdfdom)
[1.362s] INFO:colcon.colcon_core.shell:Creating prefix chain script '/home/muneeb/RoboFlexv2.0/brainswarm_ws/install/setup.bash'
[1.362s] DEBUG:colcon.colcon_parallel_executor.executor.parallel:closing loop
[1.362s] DEBUG:colcon.colcon_parallel_executor.executor.parallel:loop closed
[1.362s] DEBUG:colcon.colcon_parallel_executor.executor.parallel:run_until_complete finished with '0'
[1.362s] INFO:colcon.colcon_core.shell:Creating prefix script '/home/muneeb/RoboFlexv2.0/brainswarm_ws/install/local_setup.sh'
[1.362s] DEBUG:colcon.colcon_core.event_reactor:joining thread
[1.363s] INFO:colcon.colcon_core.shell:Creating prefix util module '/home/muneeb/RoboFlexv2.0/brainswarm_ws/install/_local_setup_util_sh.py'
[1.363s] INFO:colcon.colcon_core.shell:Creating prefix script '/home/muneeb/RoboFlexv2.0/brainswarm_ws/install/local_setup.zsh'
[1.364s] INFO:colcon.colcon_core.shell:Creating prefix chain script '/home/muneeb/RoboFlexv2.0/brainswarm_ws/install/setup.sh'
[1.364s] INFO:colcon.colcon_core.shell:Creating prefix chain script '/home/muneeb/RoboFlexv2.0/brainswarm_ws/install/setup.zsh'
[1.366s] INFO:colcon.colcon_core.shell:Creating prefix script '/home/muneeb/RoboFlexv2.0/brainswarm_ws/install/local_setup.bash'
[1.367s] INFO:colcon.colcon_core.shell:Creating prefix chain script '/home/muneeb/RoboFlexv2.0/brainswarm_ws/install/setup.bash'
[1.369s] INFO:colcon.colcon_core.shell:Creating prefix script '/home/muneeb/RoboFlexv2.0/brainswarm_ws/install/local_setup.zsh'
[1.369s] INFO:colcon.colcon_core.shell:Creating prefix chain script '/home/muneeb/RoboFlexv2.0/brainswarm_ws/install/setup.zsh'
[1.370s] INFO:colcon.colcon_core.plugin_system:Skipping extension 'colcon_notification.desktop_notification.notify_send': Could not find 'notify-send'
[1.370s] INFO:colcon.colcon_core.plugin_system:Skipping extension 'colcon_notification.desktop_notification.terminal_notifier': Not used on non-Darwin systems
[1.370s] INFO:colcon.colcon_core.plugin_system:Skipping extension 'colcon_notification.desktop_notification.win32': Not used on non-Windows systems
[1.370s] INFO:colcon.colcon_notification.desktop_notification:Sending desktop notification using 'notify2'
[1.432s] ERROR:colcon.colcon_notification.desktop_notification:Exception in desktop notification extension 'notify2': org.freedesktop.Notifications.Error.ExcessNotificationGeneration: Created too many similar notifications in quick succession
Traceback (most recent call last):
  File "/usr/lib/python3/dist-packages/colcon_notification/desktop_notification/__init__.py", line 106, in notify
    retval = extension.notify(
             ^^^^^^^^^^^^^^^^^
  File "/usr/lib/python3/dist-packages/colcon_notification/desktop_notification/notify2.py", line 51, in notify
    self._last_notification.show()
  File "/usr/lib/python3/dist-packages/notify2.py", line 181, in show
    nid = dbus_iface.Notify(appname,       # app_name       (spec names)
          ^^^^^^^^^^^^^^^^^^^^^^^^^^^^^^^^^^^^^^^^^^^^^^^^^^^^^^^^^^^^^^
  File "/usr/lib/python3/dist-packages/dbus/proxies.py", line 72, in __call__
    return self._proxy_method(*args, **keywords)
           ^^^^^^^^^^^^^^^^^^^^^^^^^^^^^^^^^^^^^
  File "/usr/lib/python3/dist-packages/dbus/proxies.py", line 141, in __call__
    return self._connection.call_blocking(self._named_service,
           ^^^^^^^^^^^^^^^^^^^^^^^^^^^^^^^^^^^^^^^^^^^^^^^^^^^
  File "/usr/lib/python3/dist-packages/dbus/connection.py", line 634, in call_blocking
    reply_message = self.send_message_with_reply_and_block(
                    ^^^^^^^^^^^^^^^^^^^^^^^^^^^^^^^^^^^^^^^
dbus.exceptions.DBusException: org.freedesktop.Notifications.Error.ExcessNotificationGeneration: Created too many similar notifications in quick succession

[1.432s] DEBUG:colcon.colcon_core.event_reactor:joined thread
[1.433s] INFO:colcon.colcon_core.shell:Creating prefix script '/home/muneeb/RoboFlexv2.0/brainswarm_ws/install/local_setup.ps1'
[1.434s] INFO:colcon.colcon_core.shell:Creating prefix util module '/home/muneeb/RoboFlexv2.0/brainswarm_ws/install/_local_setup_util_ps1.py'
[1.436s] INFO:colcon.colcon_core.shell:Creating prefix chain script '/home/muneeb/RoboFlexv2.0/brainswarm_ws/install/setup.ps1'
[1.438s] INFO:colcon.colcon_core.shell:Creating prefix script '/home/muneeb/RoboFlexv2.0/brainswarm_ws/install/local_setup.sh'
[1.439s] INFO:colcon.colcon_core.shell:Creating prefix util module '/home/muneeb/RoboFlexv2.0/brainswarm_ws/install/_local_setup_util_sh.py'
[1.440s] INFO:colcon.colcon_core.shell:Creating prefix chain script '/home/muneeb/RoboFlexv2.0/brainswarm_ws/install/setup.sh'
[1.441s] INFO:colcon.colcon_core.shell:Creating prefix script '/home/muneeb/RoboFlexv2.0/brainswarm_ws/install/local_setup.bash'
[1.442s] INFO:colcon.colcon_core.shell:Creating prefix chain script '/home/muneeb/RoboFlexv2.0/brainswarm_ws/install/setup.bash'
[1.443s] INFO:colcon.colcon_core.shell:Creating prefix script '/home/muneeb/RoboFlexv2.0/brainswarm_ws/install/local_setup.zsh'
[1.444s] INFO:colcon.colcon_core.shell:Creating prefix chain script '/home/muneeb/RoboFlexv2.0/brainswarm_ws/install/setup.zsh'
